Country,"Density
(P/Km2)",Abbreviation,Agricultural Land( %),Land Area(Km2),Armed Forces size,Birth Rate,Calling Code,Capital/Major City,Co2-Emissions,CPI,CPI Change (%),Currency-Code,Fertility Rate,Forested Area (%),Gasoline Price,GDP,Gross primary education enrollment (%),Gross tertiary education enrollment (%),Infant mortality,Largest city,Life expectancy,Maternal mortality ratio,Minimum wage,Official language,Out of pocket health expenditure,Physicians per thousand,Population,Population: Labor force participation (%),Tax revenue (%),Total tax rate,Unemployment rate,Urban_population,Latitude,Longitude
Afghanistan,60,AF,58.1,652230,323000,32.49,93,Kabul,8672,149.9,2.3,AFN,4.47,2.1,0.7,19101353833,104,9.7,47.9,Kabul,64.5,638,0.43,Pashto,78.4,0.28,38041754,48.9,9.3,71.4,11.1,9797273,33.9,67.7
Albania,105,AL,43.1,28748,9000,11.78,355,Tirana,4536,119.1,1.4,ALL,1.62,28.1,1.36,15278077447,107,55,7.8,Tirana,78.5,15,1.12,Albanian,56.9,1.2,2854191,55.7,18.6,36.6,12.3,1747593,41.2,20.2
Algeria,18,DZ,17.4,2381741,317000,24.28,213,Algiers,150006,151.4,2,DZD,3.02,0.8,0.28,169988236398,109.9,51.4,20.1,Algiers,76.7,112,0.95,Arabic,28.1,1.72,43053054,41.2,37.2,66.1,11.7,31510100,28,1.7
Andorra,164,AD,40,468,0,7.2,376,Andorra la Vella,469,,,EUR,1.27,34,1.51,3154057987,106.4,,2.7,Andorra la Vella,,,6.63,Catalan,36.4,3.33,77142,,,,,67873,42.5,1.5
Angola,26,AO,47.5,1246700,117000,40.73,244,Luanda,34693,261.7,17.1,AOA,5.52,46.3,0.97,94635415870,113.5,9.3,51.6,Luanda,60.8,241,0.71,Portuguese,33.4,0.21,31825295,77.5,9.2,49.1,6.9,21061025,-11.2,17.9
Antigua and Barbuda,223,AG,20.5,443,0,15.33,1,"St. John's, Saint John",557,113.8,1.2,XCD,1.99,22.3,0.99,1727759259,105,24.8,5,"St. John's, Saint John",76.9,42,3.04,English,24.3,2.76,97118,,16.5,43,,24,17.1,-61.8
Argentina,17,AR,54.3,2780400,105000,17.02,54,Buenos Aires,201348,232.8,53.5,ARS,2.26,9.8,1.1,449663446954,109.7,90,8.8,Buenos Aires,76.5,39,3.35,Spanish,17.6,3.96,44938712,61.3,10.1,106.3,9.8,41339571,-38.4,-63.6
Armenia,104,AM,58.9,29743,49000,13.99,374,Yerevan,5156,129.2,1.4,AMD,1.76,11.7,0.77,13672802158,92.7,54.6,11,Yerevan,74.9,26,0.66,Armenian,81.6,4.4,2957731,55.6,20.9,22.6,17,1869848,40.1,45
Australia,3,AU,48.2,7741220,58000,12.6,61,Canberra,375908,119.8,1.6,AUD,1.74,16.3,0.93,1392680589329,100.3,113.1,3.1,Sydney,82.7,6,13.59,None,19.6,3.68,25766605,65.5,23,47.4,5.3,21844756,-25.3,133.8
Austria,109,AT,32.4,83871,21000,9.7,43,Vienna,61448,118.1,1.5,EUR,1.47,46.9,1.2,446314739528,103.1,85.1,2.9,Vienna,81.6,5,,German,17.9,5.17,8877067,60.7,25.4,51.4,4.7,5194416,47.5,14.6
Azerbaijan,123,AZ,57.7,86600,82000,14,994,Baku,38,156.3,2.6,AZN,1.73,14.1,0.56,39207000000,99.7,27.7,19.2,Baku,72.9,26,0.47,Azerbaijani language,78.6,3.45,10023318,66.5,13,40.7,5.5,5616165,40.1,47.6
The Bahamas,39,BS,1.4,13880,1000,13.97,1,"Nassau, Bahamas",1786,116.2,2.5,,1.75,51.4,0.92,12827000000,81.4,15.1,8.3,"Nassau, Bahamas",73.8,70,5.25,English,27.8,1.94,389482,74.6,14.8,33.8,10.4,323784,25,-77.4
Bahrain,2239,BH,11.1,765,19000,13.99,973,Manama,31694,117.6,2.1,BHD,1.99,0.8,0.43,38574069149,99.4,50.5,6.1,Riffa,77.2,14,,Arabic,25.1,0.93,1501635,73.4,4.2,13.8,0.7,1467109,26.1,50.6
Bangladesh,1265,BD,70.6,148460,221000,18.18,880,Dhaka,84246,179.7,5.6,BDT,2.04,11,1.12,302571254131,116.5,20.6,25.1,Dhaka,72.3,173,0.51,Bengali,71.8,0.58,167310838,59,8.8,33.4,4.2,60987417,23.7,90.4
Barbados,668,BB,23.3,430,1000,10.65,1,Bridgetown,1276,134.1,4.1,BBD,1.62,14.7,1.81,5209000000,99.4,65.4,11.3,Bridgetown,79.1,27,3.13,English,45.2,2.48,287025,65.2,27.5,35.6,10.3,89431,13.2,-59.5
Belarus,47,BY,42,207600,155000,9.9,375,Minsk,58,,5.6,BYN,1.45,42.6,0.6,63080457023,100.5,87.4,2.6,Minsk,74.2,2,1.49,Russian,34.5,5.19,9466856,64.1,14.7,53.3,4.6,7482982,53.7,28
Belgium,383,BE,44.6,30528,32000,10.3,32,City of Brussels,96889,117.1,1.4,EUR,1.62,22.6,1.43,529606710418,103.9,79.7,2.9,Brussels,81.6,5,10.31,French,17.6,3.07,11484055,53.6,24,55.4,5.6,11259082,50.5,4.5
Belize,17,BZ,7,22966,2000,20.79,501,Belmopan,568,105.7,-0.9,BZD,2.31,59.7,1.13,1879613600,111.7,24.7,11.2,Belize City,74.5,36,1.65,English,22.7,1.12,390353,65.1,26.3,31.1,6.4,179039,17.2,-88.5
Benin,108,BJ,33.3,112622,12000,36.22,229,Porto-Novo,6476,110.7,-0.9,XOF,4.84,37.8,0.72,14390709095,122,12.3,60.5,Cotonou,61.5,397,0.39,French,40.5,0.08,11801151,70.9,10.8,48.9,2.2,5648149,9.3,2.3
Bhutan,20,BT,13.6,38394,6000,17.26,975,Thimphu,1261,167.2,2.7,,1.98,72.5,0.98,2446674101,100.1,15.6,24.8,Thimphu,71.5,183,0.32,Dzongkha,19.8,0.42,727145,66.7,16,35.3,2.3,317538,27.5,90.4
Bolivia,11,BO,34.8,1098581,71000,21.75,591,Sucre,21606,148.3,1.8,BOB,2.73,50.3,0.71,40895322865,98.2,,21.8,Santa Cruz de la Sierra,71.2,155,1.36,Spanish,25.9,1.59,11513100,71.8,17,83.7,3.5,8033035,-16.3,-63.6
Bosnia and Herzegovina,64,BA,43.1,51197,11000,8.11,387,Sarajevo,21848,104.9,0.6,BAM,1.27,42.7,1.05,20047848435,,23.3,5,Tuzla Canton,77.3,10,1.04,Bosnian,28.6,2.16,3301000,46.4,20.4,23.7,18.4,1605144,43.9,17.7
Botswana,4,BW,45.6,581730,9000,24.82,267,Gaborone,6,149.8,2.8,BWP,2.87,18.9,0.71,18340510789,103.2,24.9,30,Gaborone,69.3,144,0.29,English,5.3,0.37,2346179,70.8,19.5,25.1,18.2,1616550,-22.3,24.7
Brazil,25,BR,33.9,8515770,730000,13.92,55,Bras,462299,167.4,3.7,BRL,1.73,58.9,1.02,1839758040766,115.4,51.3,12.8,Saò Paulo,75.7,60,1.53,Portuguese,28.3,2.15,212559417,63.9,14.2,65.1,12.1,183241641,-14.2,-51.9
Brunei,83,BN,2.7,5765,8000,14.9,673,Bandar Seri Begawan,7664,99,-0.4,BND,1.85,72.1,0.37,13469422941,103.2,31.4,9.8,,75.7,31,,Malay,6,1.61,433285,64.7,,8,9.1,337711,4.5,114.7
Bulgaria,64,BG,46.3,110879,31000,8.9,359,Sofia,41708,114.4,3.1,BGN,1.56,35.4,1.11,86000000000,89.3,71,5.9,Sofia,74.9,10,1.57,Bulgarian,47.7,4.03,6975761,55.4,20.2,28.3,4.3,5256027,42.7,25.5
Burkina Faso,76,BF,44.2,274200,11000,37.93,226,Ouagadougou,3418,106.6,-3.2,XOF,5.19,19.3,0.98,15745810235,96.1,6.5,49,Ouagadougou,61.2,320,0.34,French,36.1,0.08,20321378,66.4,15,41.3,6.3,6092349,12.2,-1.6
Burundi,463,BI,79.2,27830,31000,39.01,257,Bujumbura,495,182.1,-0.7,BIF,5.41,10.9,1.21,3012334882,121.4,6.1,41,Bujumbura,61.2,548,,Kirundi,19.1,0.1,11530580,79.2,13.6,41.2,1.4,1541177,-3.4,29.9
Ivory Coast,83,CI,64.8,322463,27000,35.74,225,Yamoussoukro,9674,111.6,-0.9,XOF,4.65,32.7,0.93,58792205642,99.8,9.3,59.4,Abidjan,57.4,617,0.36,French,36,0.23,25716544,57,11.8,50.1,3.3,13176900,7.5,-5.5
Cape Verde,138,CV,19.6,4033,1000,19.49,238,Praia,543,110.5,1.1,CVE,2.27,22.5,1.02,1981845741,104,23.6,16.7,Praia,72.8,58,0.68,Portuguese,23.2,0.77,483628,60.5,20.1,37.5,12.3,364029,16.5,-23
Cambodia,95,KH,30.9,181035,191000,22.46,855,Phnom Penh,9919,127.6,2.5,,2.5,52.9,0.9,27089389787,107.4,13.7,24,Phnom Penh,69.6,160,,Khmer language,59.4,0.17,16486542,82.3,17.1,23.1,0.7,3924621,12.6,105
Cameroon,56,CM,20.6,475440,24000,35.39,237,Yaounde,8291,118.7,2.5,XAF,4.57,39.3,1.03,38760467033,103.4,12.8,50.6,Douala,58.9,529,0.35,French,69.7,0.09,25876380,76.1,12.8,57.7,3.4,14741256,7.4,12.4
Canada,4,CA,6.9,9984670,72000,10.1,1,Ottawa,544894,116.8,1.9,CAD,1.5,38.2,0.81,1736425629520,100.9,68.9,4.3,Toronto,81.9,10,9.51,French,14.6,2.61,36991981,65.1,12.8,24.5,5.6,30628482,56.1,-106.3
Central African Republic,8,CF,8.2,622984,8000,35.35,236,Bangui,297,186.9,37.1,,4.72,35.6,1.41,2220307369,102,3,84.5,Bangui,52.8,829,0.37,French,39.6,0.06,4745185,72,8.6,73.3,3.7,1982064,6.6,20.9
Chad,13,TD,39.7,1284000,35000,42.17,235,N'Djamena,1016,117.7,-1,XAF,5.75,3.8,0.78,11314951343,86.8,3.3,71.4,N'Djamena,54,1140,0.6,French,56.4,0.04,15946876,70.7,,63.5,1.9,3712273,15.5,18.7
Chile,26,CL,21.2,756096,122000,12.43,56,Santiago,85822,131.9,2.6,CLP,1.65,24.3,1.03,282318159745,101.4,88.5,6.2,Santiago,80,13,2,Spanish,32.2,2.59,18952038,62.6,18.2,34,7.1,16610135,-35.7,-71.5
China,153,CN,56.2,9596960,2695000,10.9,86,Beijing,9893038,125.1,2.9,CNY,1.69,22.4,0.96,19910000000000,100.2,50.6,7.4,Shanghai,77,29,0.87,Standard Chinese,32.4,1.98,1397715000,68,9.4,59.2,4.3,842933962,35.9,104.2
Colombia,46,CO,40.3,1138910,481000,14.88,57,Bogot,97814,141,3.5,COP,1.81,52.7,0.68,323802808108,114.5,55.3,12.2,Bogotà,77.1,83,1.23,Spanish,18.3,2.18,50339443,68.8,14.4,71.2,9.7,40827302,4.6,-74.3
Comoros,467,KM,71.5,2235,0,31.88,269,"Moroni, Comoros",202,103.6,-4.3,KMF,4.21,19.7,,1185728677,99.5,9,51.3,"Moroni, Comoros",64.1,273,0.71,French,74.8,0.27,850886,43.3,,219.6,4.3,248152,-11.6,43.3
Republic of the Congo,16,,31.1,342,12000,32.86,242,Brazzaville,3282,124.7,2.2,XAF,4.43,65.4,0.97,10820591131,106.6,12.7,36.2,Brazzaville,64.3,378,0.88,French,43.8,0.12,5380508,69.4,9,54.3,9.5,3625010,-0.2,15.8
Costa Rica,100,CR,34.5,51100,10000,13.97,506,San Jos,8023,128.9,2.1,CRC,1.75,54.6,0.98,61773944174,113.3,55.2,7.6,San Josè,80.1,27,1.84,Spanish,21.5,2.89,5047561,62.1,13.6,58.3,11.9,4041885,9.7,-83.8
Croatia,73,HR,27.6,56594,18000,9,385,Zagreb,17488,109.8,0.8,HRK,1.47,34.4,1.26,60415553039,96.5,67.9,4,Zagreb,78.1,8,2.92,Croatian,15.2,3,4067500,51.2,22,20.5,6.9,2328318,45.1,15.2
Cuba,106,CU,59.9,110860,76000,10.17,53,Havana,28284,,,CUP,1.62,31.3,1.4,100023000000,101.9,41.4,3.7,Havana,78.7,36,0.05,Spanish,,8.42,11333483,53.6,,,1.6,8739135,21.5,-77.8
Cyprus,131,CY,12.2,9251,16000,10.46,357,Nicosia,6626,102.5,0.3,EUR,1.33,18.7,1.23,24564647935,99.3,75.9,1.9,Statos,80.8,6,,Greek,43.9,1.95,1198575,63.1,24.5,22.4,7.3,800708,35.1,33.4
Czech Republic,139,CZ,45.2,78867,23000,10.7,420,Prague,102218,116.5,2.8,CZK,1.69,34.6,1.17,246489245495,100.7,64.1,2.7,Prague,79,3,3,Czech,14.8,4.12,10669709,60.6,14.9,46.1,1.9,7887156,49.8,15.5
Democratic Republic of the Congo,40,CD,11.6,2344858,134000,41.18,243,Kinshasa,2021,133.9,2.9,CDF,5.92,67.2,1.49,47319624204,108,6.6,68.2,Kinshasa,60.4,473,0.18,French,37.4,0.07,86790567,63.5,10.7,50.7,4.2,39095679,-4,21.8
Denmark,137,DK,62,43094,15000,10.6,45,Copenhagen,31786,110.4,0.8,DKK,1.73,14.7,1.55,348078018464,101.3,80.6,3.6,Copenhagen,81,4,,Danish,13.7,4.01,5818553,62.2,32.4,23.8,4.9,5119978,56.3,9.5
Djibouti,43,DJ,73.4,23200,13000,21.47,253,Djibouti City,620,120.3,3.3,DJF,2.73,0.2,1.32,3318716359,75.3,5.3,49.8,Djibouti City,66.6,248,,French,20.4,0.22,974,60.2,,37.9,10.3,758549,11.8,42.6
Dominica,96,DM,33.3,751,0,12,1,Roseau,180,103.9,1,XCD,1.9,57.4,,596033333,114.7,7.2,32.9,Roseau,76.6,,1.48,English,28.4,1.08,71808,,22.1,32.6,,51,15.4,-61.4
Dominican Republic,225,DO,48.7,48670,71000,19.51,1,Santo Domingo,25258,135.5,1.8,DOP,2.35,41.7,1.07,88941298258,105.7,59.9,24.1,Santo Domingo,73.9,95,0.4,Spanish,43.7,1.56,10738958,64.3,13,48.8,5.8,8787475,18.7,-70.2
Ecuador,71,EC,22.2,283561,41000,19.72,593,Quito,41155,124.1,0.3,USD,2.43,50.2,0.61,107435665000,103.3,44.9,12.2,Quito,76.8,59,2.46,Spanish,43.7,2.04,17373662,68,,34.4,4,11116711,-1.8,-78.2
Egypt,103,EG,3.8,1001450,836000,26.38,20,Cairo,239,288.6,9.2,EGP,3.33,0.1,0.4,303175127598,106.3,35.2,18.1,Cairo,71.8,37,,Modern Standard Arabic,62,0.45,100388073,46.4,12.5,44.4,10.8,42895824,26.8,30.8
El Salvador,313,SV,76.4,21041,42000,18.25,503,San Salvador,7169,111.2,0.1,,2.04,12.6,0.83,27022640000,94.8,29.4,11.8,San Salvador,73.1,46,0.5,Spanish,27.9,1.57,6453553,59.1,18.1,36.4,4.1,4694702,13.8,-88.9
Equatorial Guinea,50,GQ,10.1,28051,1000,33.24,240,Malabo,5655,124.4,1.2,XAF,4.51,55.5,,11026774945,61.8,1.9,62.6,Malabo,58.4,301,1.05,Spanish,72,0.4,1355986,62,6.1,79.4,6.4,984812,1.7,10.3
Eritrea,35,ER,75.2,117600,202000,30.3,291,Asmara,711,,,ERN,4.06,14.9,2,2065001626,68.4,3.4,31.3,Asmara,65.9,480,,Tigrinya,52.4,0.06,6333135,78.4,,83.7,5.1,1149670,15.2,39.8
Estonia,31,EE,23.1,45228,6000,10.9,372,Tallinn,17,122.1,2.3,EUR,1.59,51.3,1.14,31386949981,97.2,69.6,2.1,Tallinn,78.2,9,3.14,Estonian,22.8,4.48,1331824,63.6,20.9,47.8,5.1,916024,58.6,25
Eswatini,67,,,17364,0,,268,Mbabane,,,,,,,,3791304348,,,,Mbabane,,,,English,11.3,,1093238,,28.6,,,,-26.5,31.5
Ethiopia,115,ET,36.3,1104300,138000,32.34,251,Addis Ababa,15,143.9,15.8,ETB,4.25,12.5,0.75,96107662398,101,8.1,39.1,Addis Ababa,66.2,401,,Amharic,37.8,0.08,112078730,79.6,7.5,37.7,2.1,23788710,9145,40.5
Fiji,49,FJ,23.3,18274,4000,21.28,679,Suva,2046,132.3,1.8,FJD,2.77,55.9,0.82,5535548972,106.4,16.1,21.6,Suva,67.3,34,1.28,Fiji Hindi,21.4,0.84,889953,57.6,24.2,32.1,4.1,505048,-17.7,178.1
Finland,18,FI,7.5,338145,25000,8.6,358,Helsinki,45871,112.3,1,EUR,1.41,73.1,1.45,268761201365,100.2,88.2,1.4,Helsinki,81.7,3,,Swedish,19.9,3.81,5520314,59.1,20.8,36.6,6.6,4716888,61.9,25.7
France,119,FR,52.4,643801,307000,11.3,33,Paris,303276,110.1,1.1,EUR,1.88,31.2,1.39,2715518274227,102.5,65.6,3.4,Paris,82.5,8,11.16,French,6.8,3.27,67059887,55.1,24.2,60.7,8.4,54123364,46.2,2.2
Gabon,9,GA,20,267667,7000,31.61,241,Libreville,5321,122.2,2.1,XAF,3.97,90,0.92,16657960228,139.9,8.3,32.7,Libreville,66.2,252,1.46,French,25.9,0.68,2172579,52.9,10.2,47.1,20,1949694,-0.8,11.6
The Gambia,239,GM,59.8,11300,1000,38.54,220,Banjul,532,172.7,7.1,GMD,5.22,48.4,1.18,1763819048,98,2.7,39,Serekunda,61.7,597,0.13,English,20.3,0.1,2347706,59.4,9.4,48.4,9.1,1453958,13.4,-15.3
Georgia,57,GE,34.5,69700,26000,13.47,995,Tbilisi,10128,133.6,4.9,GEL,2.06,40.6,0.76,17743195770,98.6,63.9,8.7,Tbilisi,73.6,25,0.05,Georgian,57.3,7.12,3720382,68.3,21.7,9.9,14.4,2196476,42.3,43.4
Germany,240,DE,47.7,357022,180000,9.5,49,Berlin,727973,112.9,1.4,EUR,1.56,32.7,1.39,3845630030824,104,70.2,3.1,Berlin,80.9,7,9.99,German,12.5,4.25,83132799,60.8,11.5,48.8,3,64324835,51.2,10.5
Ghana,137,GH,69,238533,16000,29.41,233,Accra,17,268.4,7.2,GHS,3.87,41.2,0.92,66983634224,104.8,15.7,34.9,Accra,63.8,308,0.27,English,36.1,0.14,30792608,67.8,12.6,55.4,4.3,17249054,7.9,-1
Greece,81,GR,47.6,131957,146000,8.1,30,Athens,62434,101.9,0.2,EUR,1.35,31.7,1.54,209852761469,99.6,136.6,3.6,Macedonia,81.3,3,4.46,Greek,35.5,5.48,10716322,51.8,26.2,51.9,17.2,8507474,39.1,21.8
Grenada,331,GD,23.5,349,0,16.47,1,"St. George's, Grenada",268,107.4,0.8,XCD,2.06,50,1.12,1228170370,106.9,104.6,13.7,"St. George's, Grenada",72.4,25,,English,57,1.41,112003,,19.4,47.8,,40765,12.1,-61679
Guatemala,167,GT,36,108889,43000,24.56,502,Guatemala City,16777,142.9,3.7,GTQ,2.87,32.7,0.79,76710385880,101.9,21.8,22.1,Guatemala City,74.1,95,1.6,Spanish,55.8,0.35,16604026,62.3,10.6,35.2,2.5,8540945,15.8,-90.2
Guinea,53,GN,59,245857,13000,36.36,224,Conakry,2996,263,9.5,GNF,4.7,25.8,0.9,13590281809,91.5,11.6,64.9,Kankan,61.2,576,,French,54.5,0.08,12771246,61.5,10.8,69.3,4.3,4661505,9.9,-9.7
Guinea-Bissau,70,GW,58,36125,4000,35.13,245,Bissau,293,111.7,1.4,XOF,4.48,69.8,,1340389411,118.7,2.6,54,Bissau,58,667,0.16,Portuguese,37.2,0.13,1920922,72,10.3,45.5,2.5,840922,11.8,-15.2
Guyana,4,GY,8.6,214969,3000,19.97,592,"Georgetown, Guyana",2384,116.2,2.1,GYD,2.46,83.9,0.9,4280443645,97.8,11.6,25.1,"Georgetown, Guyana",69.8,169,0.98,English,40.5,0.8,782766,56.2,,30.6,11.9,208912,4.9,-58.9
Haiti,414,HT,66.8,27750,0,24.35,509,Port-au-Prince,2978,179.3,12.5,HTG,2.94,3.5,0.81,8498981821,113.6,1.1,49.5,Port-au-Prince,63.7,480,0.25,French,36.3,0.23,11263077,67.2,,42.7,13.8,6328948,19,-72.3
Vatican City,2003,,,0,0,,379,Vatican City,,,,EUR,,,,,,,,,,,,Italian,,,836,,,,,,41.9,12.5
Honduras,89,HN,28.9,112090,23000,21.6,504,Tegucigalpa,9813,150.3,4.4,HNL,2.46,40,0.98,25095395475,91.5,26.2,15.1,Tegucigalpa,75.1,65,1.01,Spanish,49.1,0.31,9746117,68.8,17.3,39.1,5.4,5626433,15.2,-86.2
Hungary,107,HU,58.4,93028,40000,9.6,36,Budapest,45537,121.6,3.3,HUF,1.54,22.9,1.18,160967157504,100.8,48.5,3.6,Budapest,75.8,12,2.62,Hungarian,29,3.41,9769949,56.5,23,37.9,3.4,6999582,47.2,19.5
Iceland,3,IS,18.7,103000,0,12,354,Reykjav,2065,129,3,ISK,1.71,0.5,1.69,24188035739,100.4,71.8,1.5,Reykjavik,82.7,4,,Icelandic,17,4.08,361313,75,23.3,31.9,2.8,339,65,-19
India,464,IN,60.4,3287263,3031000,17.86,91,New Delhi,2407672,180.4,7.7,INR,2.22,23.8,0.97,2611000000000,113,28.1,29.9,Kurebhar,69.4,145,0.3,Hindi,65.1,0.86,1366417754,49.3,11.2,49.7,5.4,471031528,20.6,79
Indonesia,151,ID,31.5,1904569,676000,18.07,62,Jakarta,563325,151.2,3,IDR,2.31,49.9,0.63,1119190780753,106.4,36.3,21.1,Kalimantan,71.5,177,0.48,Indonesian,48.3,0.43,270203917,67.5,10.2,30.1,4.7,151509724,-0.8,113.9
Iran,52,IR,28.2,1648195,563000,18.78,98,Tehran,662,550.9,39.9,IRR,2.14,6.6,0.4,445345282123,110.7,68.1,12.4,Tehran,76.5,16,1.58,Persian,39.7,1.58,82913906,44.7,7.4,44.7,11.4,62509623,32.4,53.7
Iraq,93,IQ,21.4,438317,209000,29.08,964,Baghdad,190061,119.9,0.4,IQD,3.67,1.9,0.61,234094042939,108.7,16.2,22.5,Baghdad,70.5,79,1.24,Arabic,76.5,0.71,39309783,43,2,30.8,12.8,27783368,33.2,43.7
Republic of Ireland,72,,64.5,70273,9000,12.5,353,Dublin,37711,106.6,0.9,EUR,1.75,11,1.37,388698711348,100.9,77.8,3.1,Connacht,82.3,5,10.79,Irish,15.2,3.31,5007069,62.1,18.3,26.1,4.9,3133123,53.4,-8.2
Israel,400,IL,24.6,20770,178000,20.8,972,Jerusalem,65166,108.2,0.8,ILS,3.09,7.7,1.57,395098666122,104.9,63.4,3,Jerusalem,82.8,3,7.58,Hebrew,24.4,4.62,9053300,64,23.1,25.3,3.9,8374393,31,34.9
Italy,206,IT,43.2,301340,347000,7.3,39,Rome,320411,110.6,0.6,EUR,1.29,31.8,1.61,2001244392042,101.9,61.9,2.6,Rome,82.9,2,,Italian,22.8,3.98,60297396,49.6,24.3,59.1,9.9,42651966,41.9,12.6
Jamaica,273,JM,41,10991,4000,16.1,1876,"Kingston, Jamaica",8225,162.5,3.9,JMD,1.98,30.9,1.11,16458071068,91,27.1,12.4,"Kingston, Jamaica",74.4,80,1.33,Jamaican English,23.7,1.31,2948279,66,26.8,35.1,8,1650594,18.1,-77.3
Japan,347,JP,12.3,377944,261000,7.4,81,Tokyo,1135886,105.5,0.5,,1.42,68.5,1.06,5081769542380,98.8,63.2,1.8,Tokyo,84.2,5,6.77,None,13.1,2.41,126226568,61.7,11.9,46.7,2.3,115782416,36.2,138.3
Jordan,115,JO,12,89342,116000,21.98,962,Amman,25108,125.6,0.8,JOD,2.76,1.1,1.1,43743661972,81.5,34.4,13.9,Amman,74.4,46,1.49,Arabic,25.1,2.32,10101694,39.3,15.1,28.6,14.7,9213048,30.6,36.2
Kazakhstan,7,KZ,80.4,2724900,71000,21.77,7,Astana,247207,182.8,5.2,KZT,2.84,1.2,0.42,180161741180,104.4,61.7,8.8,Almaty,73.2,10,0.41,Russian,38.8,3.25,18513930,68.8,11.7,28.4,4.6,10652915,48,66.9
Kenya,94,KE,48.5,580367,29000,28.75,254,Nairobi,18,180.5,4.7,KES,3.49,7.8,0.95,95503088538,103.2,11.5,30.6,Nairobi,66.3,342,0.25,Swahili,33.4,0.16,52573973,74.7,15.1,37.2,2.6,14461523,0,37.9
Kiribati,147,KI,42,811,0,27.89,686,South Tarawa,66,99.6,0.6,AUD,3.57,15,,194647202,101.3,,41.2,South Tarawa,68.1,92,,English,0.2,0.2,117606,,22,32.7,,64489,1.8,-157.4
Kuwait,240,KW,8.4,17818,25000,13.94,965,Kuwait City,98734,126.6,1.1,KWD,2.08,0.4,0.35,134761198946,92.4,54.4,6.7,Kuwait City,75.4,12,0.95,Modern Standard Arabic,14.4,2.58,4207083,73.5,1.4,13,2.2,4207083,29.3,47.5
Kyrgyzstan,34,KG,55,199951,21000,27.1,996,Bishkek,9787,155.7,1.1,KGS,3.3,3.3,0.56,8454619608,107.6,41.3,16.9,Bishkek,71.4,60,0.09,Russian,48.2,1.88,6456900,59.8,18,29,6.3,2362644,41.2,74.8
Laos,32,LA,10.3,236.8,129000,23.55,856,Vientiane,17763,135.9,3.3,LAK,2.67,82.1,0.93,18173839128,102.4,15,37.6,Vientiane,67.6,185,0.83,Lao,45.4,0.37,7169455,78.5,12.9,24.1,0.6,2555552,19.9,102.5
Latvia,30,LV,31.1,64589,6000,10,371,Riga,7004,116.9,2.8,EUR,1.6,54,1.16,34117202555,99.4,88.1,3.3,Riga,74.7,19,2.8,Latvian,41.6,3.19,1912789,61.4,22.9,38.1,6.5,1304943,56.9,24.6
Lebanon,667,LB,64.3,10400,80000,17.55,961,Beirut,24796,130,3,LBP,2.09,13.4,0.74,53367042272,95.1,26.3,6.4,"Tripoli, Lebanon",78.9,29,2.15,Arabic,32.1,2.1,6855713,47,15.3,32.2,6.2,6084994,33.9,35.9
Lesotho,71,LS,77.6,30355,2000,26.81,266,Maseru,2512,155.9,5.2,,3.14,1.6,0.7,2460072444,120.9,10.2,65.7,Maseru,53.7,544,0.41,English,16.9,0.07,2125268,67.9,31.6,13.6,23.4,607508,-29.6,28.2
Liberia,53,LR,28,111369,2000,33.04,231,Monrovia,1386,223.1,23.6,,4.32,43.1,0.8,3070518100,85.1,11.9,53.5,Monrovia,63.7,661,0.17,English,19.6,0.04,4937374,76.3,12.9,46.2,2.8,2548426,6.4,-9.4
Libya,4,LY,8.7,1759540,0,18.83,218,,50564,125.7,2.6,LYD,2.24,0.1,0.11,52076250948,109,60.5,10.2,,72.7,72,1.88,Arabic,36.7,2.09,6777452,49.7,,32.6,18.6,5448597,26.3,17.2
Liechtenstein,238,LI,32.2,160,0,9.9,423,Vaduz,51,,,CHF,1.44,43.1,1.74,6552858739,104.7,35.6,,Schaan,83,,,German,,,38019,,,21.6,,5464,47.1,9.5
Lithuania,43,LT,47.2,65300,34000,10,370,Vilnius,12963,118.4,2.3,EUR,1.63,34.8,1.16,54219315600,103.9,72.4,3.3,Vilnius,75.7,8,2.41,Lithuanian,32.1,6.35,2786844,61.6,16.9,42.6,6.4,1891013,55.2,23.9
Luxembourg,242,LU,53.7,2586,2000,10.3,352,Luxembourg City,8988,115.1,1.7,EUR,1.37,35.7,1.19,71104919108,102.3,19.2,1.9,Luxembourg City,82.1,5,13.05,Luxembourgish,10.6,3.01,645397,59.3,26.5,20.4,5.4,565488,49.8,6.1
Madagascar,48,MG,71.2,587041,22000,32.66,261,Antananarivo,3905,184.3,5.6,MGA,4.08,21.4,1.11,14083906357,142.5,5.4,38.2,Antananarivo,66.7,335,0.21,French,21.7,0.18,26969307,86.1,10.2,38.3,1.8,10210849,-18.8,46.9
Malawi,203,MW,61.4,118484,15000,34.12,265,Lilongwe,1298,418.3,9.4,MWK,4.21,33.2,1.15,7666704427,142.5,0.8,35.3,Lilongwe,63.8,349,0.12,English,11,0.04,18628747,76.7,17.3,34.5,5.7,3199301,-13.3,34.3
Malaysia,99,MY,26.3,329847,136000,16.75,60,Kuala Lumpur,248289,121.5,0.7,MYR,2,67.6,0.45,364701517788,105.3,45.1,6.7,Johor Bahru,76,29,0.93,Malaysian language,36.7,1.51,32447385,64.3,12,38.7,3.3,24475766,4.2,102
Maldives,1802,MV,26.3,298,5000,14.2,960,Mal,1445,99.7,0.2,,1.87,3.3,1.63,5729248472,97.1,31.2,7.4,Malè,78.6,53,,Divehi,16.4,4.56,530953,69.8,19.5,30.2,6.1,213645,3.2,73.2
Mali,17,ML,33.8,1240192,18000,41.54,223,Bamako,3179,108.7,-1.7,XOF,5.88,3.8,1.12,17510141171,75.6,4.5,62,Bamako,58.9,562,0.23,French,46.3,0.13,19658031,70.8,11.6,54.5,7.2,8479688,17.6,-4
Malta,1,MT,32.4,316,2000,9.2,356,Valletta,1342,113.5,1.6,EUR,1.23,1.1,1.36,14786156563,105,54.3,6.1,Birkirkara,82.3,6,5.07,Maltese,37.1,2.86,502653,56.5,26.2,44,3.5,475902,35.9,14.4
Marshall Islands,329,MH,63.9,181,0,29.03,692,Majuro,143,,,USD,4.05,70.2,1.44,221278000,84.7,23.7,27.4,Majuro,65.2,,2,Marshallese,10,0.42,58791,,17.8,65.9,,45514,7.1,171.2
Mauritania,5,MR,38.5,1030700,21000,33.69,222,Nouakchott,2739,135,2.3,MRU,4.56,0.2,1.13,7593752450,99.9,5,51.5,Nouakchott,64.7,766,0.53,Arabic,48.2,0.19,4525696,45.9,,67,9.6,2466821,21,-10.9
Mauritius,626,MU,42.4,2040,3000,10.2,230,Port Louis,4349,129.9,0.4,MUR,1.41,19,1.12,14180444557,101.1,40.6,13.6,Port Louis,74.4,61,0.38,French,50.7,2.53,1265711,58.3,19.1,22.2,6.7,516,-20.3,57.6
Mexico,66,MX,54.6,1964375,336000,17.6,52,Mexico City,486406,141.5,3.6,MXN,2.13,33.9,0.73,1258286717125,105.8,40.2,11,Mexico City,75,33,0.49,None,41.4,2.38,126014024,60.7,13.1,55.1,3.4,102626859,23.6,-102.6
Federated States of Micronesia,784,FM,31.4,702,0,22.82,691,Palikir,143,112.1,0.5,USD,3.05,91.9,,401932279,97.2,14.1,25.6,Palikir,67.8,88,,English,2.5,0.18,113815,,25.2,60.5,,25963,7.4,150.6
Moldova,123,MD,74.2,33851,7000,10.1,373,Chi,5115,166.2,4.8,MDL,1.26,12.6,0.8,11955435457,90.6,39.8,13.6,Chisinau,71.8,19,0.31,Romanian,46.2,3.21,2657637,43.1,17.7,38.7,5.5,1135502,47.4,28.4
Monaco,26337,MC,,2,0,5.9,377,Monaco City,,,,EUR,,,2,7184844193,,,2.6,Monaco City,,,11.72,French,6.1,6.56,38964,,,,,38964,43.7,7.4
Mongolia,2,MN,71.5,1564116,18000,24.13,976,Ulaanbaatar,25368,195.8,7.3,MNT,2.9,8,0.72,13852850259,104,65.6,14,Ulaanbaatar,69.7,45,0.65,Mongolian,39.3,2.86,3225167,59.7,16.8,25.7,6,2210626,46.9,103.8
Montenegro,47,ME,19,13812,12000,11.73,382,Podgorica,2017,116.3,2.6,EUR,1.75,61.5,1.16,5494736901,100,56.1,2.3,Podgorica,76.8,6,1.23,Montenegrin language,31.8,2.76,622137,54.4,,22.2,14.9,417765,42.7,19.4
Morocco,83,MA,68.5,446550,246000,18.94,212,Rabat,61276,111.1,0.2,MAD,2.42,12.6,0.99,118725279596,113.9,35.9,19.2,Casablanca,76.5,70,1.6,Arabic,53.1,0.73,36910560,45.3,21.9,45.8,9,22975026,31.8,-7.1
Mozambique,40,MZ,63.5,799380,11000,37.52,258,Maputo,7943,182.3,2.8,MZN,4.85,48,0.65,14934159926,112.6,7.3,54,Maputo,60.2,289,0.27,Portuguese,6.8,0.08,30366036,78.1,0,36.1,3.2,11092106,-18.7,35.5
Myanmar,83,MM,19.5,676578,513000,17.55,95,Naypyidaw,25,168.2,8.8,MMK,2.15,43.6,0.54,76085852617,112.3,18.8,36.8,Yangon,66.9,250,0.39,Burmese,73.9,0.68,54045420,61.7,5.4,31.2,1.6,16674093,21.9,96
Namibia,3,,47.1,824292,16000,28.64,264,Windhoek,4228,158,3.7,,3.4,8.3,0.76,12366527719,124.2,22.9,29,Windhoek,63.4,195,,English,8.3,0.42,2494530,59.5,27.1,20.7,20.3,1273258,-23,18.5
Nauru,541,NR,,21,0,,674,Yaren District,,,,AUD,,,,133000000,,,,,,,,English,,,10084,,,,,,-0.5,166.9
Nepal,203,NP,28.7,147181,112000,19.89,977,Kathmandu,9105,188.7,5.6,NPR,1.92,25.4,0.91,30641380604,142.1,12.4,26.7,Kathmandu,70.5,186,0.36,Nepali,60.4,0.75,28608710,83.8,20.7,41.8,1.4,5765513,28.4,84.1
Netherlands,508,NL,53.3,41543,41000,9.7,31,Amsterdam,171,115.9,2.6,,1.59,11.2,1.68,909070395161,104.2,85,3.3,Amsterdam,81.8,5,10.29,Dutch,12.3,3.61,17332850,63.6,23,41.2,3.2,15924729,52.1,5.3
New Zealand,18,NZ,40.5,268838,9000,11.98,64,Wellington,34382,114.2,1.6,NZD,1.71,38.6,1.4,206928765544,100,82,4.7,Auckland,81.9,9,11.49,English,12.6,3.59,4841000,69.9,29,34.6,4.1,4258860,-40.9,174.9
Nicaragua,55,NI,42.1,130370,12000,20.64,505,Managua,5592,162.7,5.4,NIO,2.4,25.9,0.91,12520915291,120.6,17.4,15.7,Managua,74.3,98,0.54,Spanish,36,0.98,6545502,66.4,15.6,60.6,6.8,3846137,12.9,-85.2
Niger,19,NE,36.1,1267000,10000,46.08,227,Niamey,2017,109.3,-2.5,XOF,6.91,0.9,0.88,12928145120,74.7,4.4,48,Niamey,62,509,0.29,French,52.3,0.04,23310715,72,11.8,47.2,0.5,3850231,17.6,8.1
Nigeria,226,NG,77.7,923768,215000,37.91,234,Abuja,120369,267.5,11.4,NGN,5.39,7.2,0.46,448120428859,84.7,10.2,75.7,Lagos,54.3,917,0.54,English,72.2,0.38,200963599,52.9,1.5,34.8,8.1,102806948,9.1,8.7
North Korea,214,KP,21.8,120538,1469000,13.89,850,Pyongyang,28284,,,KPW,1.9,40.7,0.58,32100000000,112.8,27,13.7,Pyongyang,72.1,89,,Korean,,3.67,25666161,80.4,,,2.7,15947412,40.3,127.5
North Macedonia,83,,,25713,0,,389,Skopje,,,,MKD,,,,10220781069,,,,Skopje,,,,Macedonian,35.6,,1836713,,,,,,41.6,21.7
Norway,15,NO,2.7,323802,23000,10.4,47,Oslo,41023,120.3,2.2,NOK,1.56,33.2,1.78,403336363636,100.3,82,2.1,Oslo,82.8,2,,Norwegian,14.3,2.92,5347896,63.8,23.9,36.2,3.4,4418218,60.5,8.5
Oman,16,OM,4.6,309500,47000,19.19,968,Muscat,63457,113.5,0.1,OMR,2.89,0,0.45,76983094928,103.4,38,9.8,Seeb,77.6,19,4.33,Arabic,6.4,2,5266535,72.4,2.5,27.4,2.7,4250777,21.5,56
Pakistan,287,PK,47.8,796095,936000,28.25,92,Islamabad,201,182.3,10.6,PKR,3.51,1.9,0.79,304400000000,94.3,9,57.2,Karachi,67.1,140,0.69,Urdu,66.5,0.98,216565318,52.6,9.2,33.9,4.5,79927762,30.4,69.3
Palau,39,PW,10.9,459,0,14,680,Ngerulmud,224,118.2,1.3,USD,2.21,87.6,,283994900,112.6,54.7,16.6,Koror,69.1,,3,English,21.8,1.18,18233,,21.3,76.6,,14491,7.5,134.6
Palestinian National Authority,847,,,,0,,,,,,,,,,,,,,,,,,,Arabic,,,,,,,,,32,35.2
Panama,58,PA,30.4,75420,26000,18.98,507,Panama City,10715,122.1,-0.4,,2.46,61.9,0.74,66800800000,94.4,47.8,13.1,Panama City,78.3,52,1.53,Spanish,30.5,1.57,4246439,66.6,,37.2,3.9,2890084,8.5,-80.8
Papua New Guinea,20,PG,2.6,462840,4000,27.07,675,Port Moresby,7536,156,3.6,PGK,3.56,74.1,1.36,24969611435,108.5,1.8,38,Port Moresby,64.3,145,1.16,Tok Pisin,5.8,0.07,8776109,47.2,13.6,37.1,2.5,1162834,-6.3,144
Paraguay,18,PY,55.1,406752,27000,20.57,595,Asunci,7407,143.8,2.8,PYG,2.43,37.7,1.04,38145288940,104.4,34.6,17.2,Ciudad del Este,74.1,129,1.55,Spanish,36.5,1.35,7044636,72.1,10,35,4.8,4359150,-23.4,-58.4
Peru,26,PE,18.5,1285216,158000,17.95,51,Lima,57414,129.8,2.1,PEN,2.25,57.7,0.99,226848050820,106.9,70.7,11.1,Lima,76.5,88,1.28,Spanish,30.9,1.27,32510453,77.6,14.3,36.8,3.3,25390339,-9.2,-75
Philippines,368,PH,41.7,300,153000,20.55,63,Manila,122287,129.6,2.5,PHP,2.58,27.8,0.86,376795508680,107.5,35.5,22.5,Manila,71.1,121,1.12,English,53.5,0.6,108116615,59.6,14,43.1,2.2,50975903,12.9,121.8
Poland,124,PL,46.9,312685,191000,10.2,48,Warsaw,299037,114.1,2.2,PLN,1.46,30.9,1.07,592164400688,100,67.8,3.8,Warsaw,77.6,2,2.93,Polish,23.2,2.38,37970874,56.7,17.4,40.8,3.5,22796574,51.9,19.1
Portugal,111,PT,39.5,92212,52000,8.5,351,Lisbon,48742,110.6,0.3,EUR,1.38,34.6,1.54,237686075635,106.2,63.9,3.1,Lisbon,81.3,8,3.78,Portuguese,27.7,5.12,10269417,58.8,22.8,39.8,6.3,6753579,39.4,-8.2
Qatar,248,QA,5.8,11586,22000,9.54,974,Doha,103259,115.4,-0.7,QAR,1.87,0,0.4,183466208791,103.8,17.9,5.8,Doha,80.1,9,,Arabic,6.2,2.49,2832067,86.8,14.7,11.3,0.1,2809071,25.4,51.2
Romania,84,RO,58.8,238391,126000,9.6,40,Bucharest,69259,123.8,3.8,RON,1.71,30.1,1.16,250077444017,85.2,49.4,6.1,Bucharest,75.4,19,2.25,Romanian,21.3,2.98,19356544,54.7,14.6,20,4,10468793,45.9,25
Russia,9,RU,13.3,17098240,1454000,11.5,7,Moscow,1732027,180.8,4.5,RUB,1.57,49.8,0.59,1699876578871,102.6,81.9,6.1,Moscow,72.7,17,0.53,Russian,36.4,4.01,144373535,61.8,11.4,46.2,4.6,107683889,61.5,105.3
Rwanda,525,RW,73.4,26338,35000,31.7,250,Kigali,1115,151.1,3.4,RWF,4.04,19.7,1.17,10122472590,133,6.7,27,Kigali,68.7,248,,Swahili,26,0.13,12626950,83.7,14.3,33.2,1,2186104,-1.9,29.9
Saint Kitts and Nevis,205,KN,23.1,261,0,12.6,1,Basseterre,238,104.6,-1,XCD,2.11,42.3,,1050992593,108.7,86.7,9.8,Basseterre,71.3,,3.33,English,56.6,2.52,52823,,18.5,49.7,,16269,17.4,-62.8
Saint Lucia,301,LC,17.4,616,0,12,1,Castries,414,110.1,1.9,XCD,1.44,33.2,1.3,2122450630,102.6,14.1,14.9,Castries,76.1,117,,English,48.4,0.64,183,67.1,18.2,34.7,20.7,34,13.9,-61
Saint Vincent and the Grenadines,284,VC,25.6,389,0,14.24,1,Kingstown,220,109.7,2.3,XCD,1.89,69.2,,825385185,113.4,23.7,14.8,Calliaqua,72.4,68,1.16,English,21.4,0.66,100455,65.9,25.4,37,18.9,58185,13,-61.3
Samoa,70,WS,12.4,2831,0,24.38,685,Apia,246,117.6,1,WST,3.88,60.4,0.91,850655017,110.5,7.6,13.6,Apia,73.2,43,0.78,Samoan,11.5,0.34,202506,43.7,25.5,19.3,8.4,35588,-13.8,-172.1
San Marino,566,SM,16.7,61,1000,6.8,378,City of San Marino,,110.6,1,EUR,1.26,0,,1637931034,108.1,42.5,1.7,City of San Marino,85.4,,,Italian,18.3,6.11,34,,18.1,36.2,,32969,43.9,12.5
Saudi Arabia,16,SA,80.8,2149690,252000,17.8,966,Riyadh,563449,118.4,-1.2,SAR,2.32,0.5,0.24,792966838162,99.8,68,6,Riyadh,75,17,3.85,Arabic,15,2.61,34268528,55.9,8.9,15.7,5.9,28807838,23.9,45.1
Senegal,87,SN,46.1,196722,19000,34.52,221,Dakar,10902,109.3,1.8,XOF,4.63,42.8,1.14,23578084052,81,12.8,31.8,Pikine,67.7,315,0.31,French,44.2,0.07,16296364,45.7,16.3,44.8,6.6,7765706,14.5,-14.5
Serbia,100,RS,39.3,77474,32000,9.2,381,Belgrade,45221,144,1.8,RSD,1.49,31.1,1.16,51409167351,100.3,67.2,4.8,Belgrade,75.5,12,1.57,Serbian,40.6,3.11,6944975,54.9,18.6,36.6,12.7,3907243,44,21
Seychelles,214,SC,3.4,455,0,17.1,248,"Victoria, Seychelles",605,130,1.8,SCR,2.41,88.4,,1698843063,100.4,17.1,12.4,"Victoria, Seychelles",72.8,53,2,French,2.5,0.95,97625,,34.1,30.1,,55762,-4.7,55.5
Sierra Leone,111,SL,54.7,71740,9000,33.41,232,Freetown,1093,234.2,14.8,SLL,4.26,43.1,1.08,3941474311,112.8,2,78.5,Freetown,54.3,1120,0.57,English,38.2,0.03,7813215,57.9,8.6,30.7,4.4,3319366,8.5,-11.8
Singapore,8358,SG,0.9,716,81000,8.8,65,,37535,114.4,0.6,SGD,1.14,23.1,1.25,372062527489,100.6,84.8,2.3,,83.1,8,,Malay,36.7,2.29,5703569,70.5,13.1,21,4.1,5703569,1.4,103.8
Slovakia,114,SK,39.2,49035,16000,10.6,421,Bratislava,32424,115.3,2.7,EUR,1.52,40.4,1.32,105422304976,98.7,46.6,4.6,Bratislava,77.2,5,3.11,Slovak,18.4,3.42,5454073,59.5,18.7,49.7,5.6,2930419,48.7,19.7
Slovenia,103,SI,30.7,20273,7000,9.4,386,Ljubljana,12633,111.1,1.6,EUR,1.6,62,1.32,53742159517,100.4,78.6,1.7,Ljubljana,81,7,5.25,Slovene language,12.5,3.09,2087946,58.4,18.6,31,4.2,1144654,46.2,15
Solomon Islands,25,SB,3.9,28896,0,32.44,677,Honiara,169,133.1,1.6,SBD,4.4,77.9,,1425074226,106.2,,17.1,Honiara,72.8,104,0.4,English,3.3,0.19,669823,83.8,29.5,32,0.6,162164,-9.6,160.2
Somalia,25,SO,70.3,637657,20000,41.75,252,Mogadishu,645,,,SOS,6.07,10,1.41,4720727278,23.4,2.5,76.6,Bosaso,57.1,829,,Arabic,,0.02,15442905,47.4,0,,11.4,7034861,5.2,46.2
South Africa,49,ZA,79.8,1219090,80000,20.51,27,Pretoria,476644,158.9,4.1,ZAR,2.41,7.6,0.92,351431649241,100.9,22.4,28.5,Johannesburg,63.9,119,,Afrikaans,7.7,0.91,58558270,56,27.5,29.2,28.2,39149717,-30.6,22.9
South Korea,527,KR,17.4,99720,634000,6.4,82,Seoul,620302,115.2,0.4,KRW,0.98,63.4,1.22,2029000000000,98.1,94.3,2.7,Seoul,82.6,11,6.49,Korean,36.8,2.36,51709098,63,15.6,33.2,4.2,42106719,35.9,127.8
South Sudan,18,SS,,644329,185000,35.01,211,Juba,1727,4583.7,187.9,SSP,4.7,,0.28,11997800751,73,,63.7,Juba,57.6,1150,,English,61.3,,11062113,72.4,,31.4,12.2,2201250,6.9,31.3
Spain,94,ES,52.6,505370,196000,7.9,34,Madrid,244002,111,0.7,EUR,1.26,36.9,1.26,1394116310769,102.7,88.9,2.5,Madrid,83.3,4,5.6,Spanish,24.2,3.87,47076781,57.5,14.2,47,14,37927409,40.5,-3.7
Sri Lanka,341,LK,43.7,65610,317000,15.83,94,Colombo,23362,155.5,3.5,LKR,2.2,32.9,0.88,84008783756,100.2,19.6,6.4,Colombo,76.8,36,0.35,Tamil,38.4,1,21803000,53.9,11.9,55.2,4.2,4052088,7.9,80.8
Sudan,25,SD,28.7,1861484,124000,32.18,249,Khartoum,20,1344.2,51,SDG,4.41,8.1,0.95,18902284476,76.8,16.9,42.1,Omdurman,65.1,295,0.41,Arabic,63.2,0.26,42813238,48.4,8,45.4,16.5,14957233,12.9,30.2
Suriname,4,SR,0.6,163820,2000,18.54,597,Paramaribo,1738,294.7,22,SRD,2.42,98.3,1.29,3985250737,108.8,12.6,16.9,Paramaribo,71.6,120,,Dutch,10.1,1.21,581372,51.1,19.5,27.9,7.3,384258,3.9,-56
Sweden,25,SE,7.4,450295,30000,11.4,46,Stockholm,43252,110.5,1.8,SEK,1.76,68.9,1.42,530832908738,126.6,67,2.2,Stockholm,82.5,4,,Swedish,15.2,3.98,10285453,64.6,27.9,49.1,6.5,9021165,60.1,18.6
Switzerland,219,CH,38.4,41277,21000,10,41,Bern,34477,99.6,0.4,CHF,1.52,31.8,1.45,703082435360,105.2,59.6,3.7,Zurich,83.6,5,,German,28.3,4.3,8574832,68.3,10.1,28.8,4.6,6332428,46.8,8.2
Syria,95,SY,75.8,185180,239000,23.69,963,Damascus,29,143.2,36.7,SYP,2.81,2.7,0.83,40405006007,81.7,40.1,14,Damascus,71.8,31,1.02,Arabic,53.7,1.22,17070135,44.1,14.2,42.7,8.4,9358019,34.8,39
Tajikistan,68,TJ,34.1,144100,17000,30.76,992,Dushanbe,5,148.6,6,TJS,3.59,3,0.71,8116626794,100.9,31.3,30.4,Dushanbe,70.9,17,0.23,Persian,63.1,1.7,9321018,42,9.8,67.3,11,2545477,38.9,71.3
Tanzania,67,TZ,44.8,947300,28000,36.7,255,Dodoma,11973,187.4,3.5,TZS,4.89,51.6,0.87,63177068175,94.2,4,37.6,Dar es Salaam,65,524,0.09,Swahili,26.1,0.01,58005463,83.4,11.5,43.8,2,20011885,-6.4,34.9
Thailand,137,TH,43.3,513120,455000,10.34,66,Bangkok,283763,113.3,0.7,THB,1.53,32.2,0.71,543649976166,99.8,49.3,7.8,Bangkok,76.9,37,1.06,Thai,11.8,0.81,69625582,67.3,14.9,29.5,0.8,35294600,15.9,101
East Timor,89,TL,25.6,14874,2000,29.42,670,Dili,495,145.4,2.6,USD,4.02,45.4,1.1,1673540300,115.3,17.8,39.3,Dili,69.3,142,0.6,Portuguese,10.2,0.72,3500000,67.3,25,17.3,4.6,400182,-8.9,125.7
Togo,152,TG,70.2,56785,10000,33.11,228,Lomè,3,113.3,0.7,XOF,4.32,3.1,0.71,5459979417,123.8,14.5,47.4,Lomè,60.8,396,0.34,French,51,0.08,8082366,77.6,16.9,48.2,2,3414638,8.6,0.8
Tonga,147,TO,45.8,747,0,24.3,676,Nuku,128,121.1,7.4,TOP,3.56,12.5,,450353314,116.3,6.4,13.4,Nuku'alofa,70.8,52,,Tongan Language,10.2,0.52,100209,59.8,22.3,27.5,1.1,24145,-21.2,-175.2
Trinidad and Tobago,273,TT,10.5,5128,4000,12.94,1,Port of Spain,43868,141.8,1,TTD,1.73,46,0.54,24100202834,106.2,12,16.4,Chaguanas,73.4,67,2.25,English,37.3,4.17,1394973,60,19.5,40.5,2.7,741944,10.7,-61.2
Tunisia,76,TN,64.8,163610,48000,17.56,216,Tunis,29937,155.3,6.7,TND,2.2,6.8,0.73,38797709924,115.4,31.7,14.6,Tunis,76.5,43,0.47,Arabic,39.8,1.3,11694719,46.1,21.1,60.7,16,8099061,33.9,9.5
Turkey,110,TR,49.8,783562,512000,16.03,90,Ankara,372725,234.4,15.2,TRY,2.07,15.4,1.42,754411708203,93.2,23.9,9.1,Istanbul,77.4,17,3.45,Turkish,16.9,1.85,83429615,52.8,17.9,42.3,13.5,63097818,39,35.2
Turkmenistan,13,TM,72,488100,42000,23.83,993,Ashgabat,71,,,TMT,2.79,8.8,0.29,40761142857,88.4,8,39.3,Ashgabat,68.1,7,0.88,Turkmen,71.1,2.22,5942089,64.5,,,3.9,3092738,39,59.6
Tuvalu,393,TV,60,26,0,,688,Funafuti,11,,,AUD,,33.3,,47271463,86,,20.6,Singapore,,,,Tuvaluan Language,0.7,0.92,11646,,,,,7362,-7.1,177.6
Uganda,229,UG,71.9,241038,46000,38.14,256,Kampala,6,173.9,2.9,UGX,4.96,9.7,0.94,34387229486,102.7,4.8,33.8,Buganda,63,375,0.01,Swahili,40.5,0.17,44269594,70.3,11.7,33.7,1.8,10784516,1.4,32.3
Ukraine,75,UA,71.7,603550,297000,8.7,380,Kyiv,202,281.7,7.9,UAH,1.3,16.7,0.83,153781069118,99,82.7,7.5,Kyiv,71.6,19,0.84,Ukrainian,47.8,2.99,44385155,54.2,20.1,45.2,8.9,30835699,48.4,31.2
United Arab Emirates,118,AE,5.5,83600,63000,10.33,971,Abu Dhabi,206324,114.5,-1.9,AED,1.41,4.6,0.49,421142267938,108.4,36.8,6.5,Dubai,77.8,3,,Arabic,17.8,2.53,9770529,82.1,0.1,15.9,2.4,8479744,23.4,53.8
United Kingdom,281,GB,71.7,243610,148000,11,44,London,379025,119.6,1.7,GBP,1.68,13.1,1.46,2827113184696,101.2,60,3.6,London,81.3,7,10.13,English,14.8,2.81,66834405,62.8,25.5,30.6,3.9,55908316,55.4,-3.4
United States,36,US,44.4,9833517,1359000,11.6,1,"Washington, D.C.",5006302,117.2,7.5,USD,1.73,33.9,0.71,21427700000000,101.8,88.2,5.6,New York City,78.5,19,7.25,None,11.1,2.61,328239523,62,9.6,36.6,14.7,270663028,37.1,-95.7
Uruguay,20,UY,82.6,176215,22000,13.86,598,Montevideo,6766,202.9,7.9,UYU,1.97,10.7,1.5,56045912952,108.5,63.1,6.4,Montevideo,77.8,17,1.66,Spanish,16.2,5.05,3461734,64,20.1,41.8,8.7,3303394,-32.5,-55.8
Uzbekistan,79,UZ,62.9,447400,68000,23.3,998,Tashkent,91811,,,UZS,2.42,7.5,1.03,57921286440,104.2,10.1,19.1,Tashkent,71.6,29,0.24,Uzbek,42.7,2.37,33580650,65.1,14.8,31.6,5.9,16935729,41.4,64.6
Vanuatu,25,VU,15.3,12189,0,29.6,678,Port Vila,147,117.1,2.8,VUV,3.78,36.1,1.31,917058851,109.3,4.7,22.3,Port Vila,70.3,72,1.56,French,8.9,0.17,299882,69.9,17.8,8.5,4.4,76152,-15.4,167
Venezuela,32,VE,24.5,912050,343000,17.88,58,Caracas,164175,2740.3,254.9,VED,2.27,52.7,0,482359318768,97.2,79.3,21.4,Caracas,72.1,125,0.01,Spanish,45.8,1.92,28515829,59.7,,73.3,8.8,25162368,6.4,-66.6
Vietnam,314,VN,39.3,331210,522000,16.75,84,Hanoi,192668,163.5,2.8,VND,2.05,48.1,0.8,261921244843,110.6,28.5,16.5,Ho Chi Minh City,75.3,43,0.73,Vietnamese,43.5,0.82,96462106,77.4,19.1,37.6,2,35332140,14.1,108.3
Yemen,56,YE,44.6,527968,40000,30.45,967,Sanaa,10609,157.6,8.1,YER,3.79,1,0.92,26914402224,93.6,10.2,42.9,Sanaa,66.1,164,,Arabic,81,0.31,29161922,38,,26.6,12.9,10869523,15.6,48.5
Zambia,25,ZM,32.1,752618,16000,36.19,260,Lusaka,5141,212.3,9.2,ZMW,4.63,65.2,1.4,23064722446,98.7,4.1,40.4,Lusaka,63.5,213,0.24,English,27.5,1.19,17861030,74.6,16.2,15.6,11.4,7871713,-13.1,27.8
Zimbabwe,38,ZW,41.9,390757,51000,30.68,263,Harare,10983,105.5,0.9,,3.62,35.5,1.34,21440758800,109.9,10,33.9,Harare,61.2,458,,Shona,25.8,0.21,14645468,83.1,20.7,31.6,5,4717305,-19,29.2
