Date/Time,Latitude,Longitude,Temperature,Humidity,Pressure,Compass,MagX,MagY,MagZ,Pitch,Roll,Yaw,AccelX,AccelY,AccelZ,R,G,B,C,Motion,Temp (Fahrenheit)
2022-01-31 12:21:15,6.833,152.032,32.7,57.5,1013.6,117,-5.4,-10.6,-4.4,0,360,117,0,0,0,29,27,24,84,1,33.44044172
2022-01-31 12:21:20,6.567,152.223,32.9,57.7,1013.6,117.1,-11.7,-21.7,-8.9,0,360,117,0,0,0,29,28,24,85,1,32.738441756
2022-01-31 12:21:25,6.308,152.409,32.7,57.6,1013.6,117.1,-14,-26.1,-11.8,0,360,117,0,0,0,29,28,24,87,1,32.46844172
2022-01-31 12:21:30,6.048,152.595,32.8,58,1013.6,117.2,-14.9,-27.8,-12.2,0,360,117,0,0,0,29,27,24,85,1,32.82844172
2022-01-31 12:21:35,5.789,152.78,32.7,57.8,1013.6,117.2,-15.4,-28.7,-12.4,0,360,117,0,0,0,29,27,24,85,1,32.68444172
2022-01-31 12:21:40,5.529,152.966,32.7,57.5,1013.6,117.3,-15.6,-29.1,-12.4,0,360,117,0,0,0,29,28,24,86,1,32.27044172
2022-01-31 12:21:45,5.269,153.151,32.7,58.7,1013.6,117.3,-14.8,-29.4,-12.8,0,360,117,0,0,0,29,28,24,86,1,32.59444172
2022-01-31 12:21:51,5.009,153.336,32.8,57.6,1013.6,117.3,-14.8,-29.3,-13.1,0,360,117,0,0,0,29,28,24,86,1,34.66444172
2022-01-31 12:21:56,4.75,153.521,32.8,57.7,1013.5,117.3,-14.7,-29.3,-13,0,360,117,0,0,0,29,28,24,85,1,38.8584419
2022-01-31 12:22:01,4.49,153.705,32.7,57.5,1013.5,117.2,-15.3,-29.2,-13.3,0,360,117,0,0,0,29,28,24,86,1,43.37644154
2022-01-31 12:22:06,4.229,153.89,32.9,57.8,1013.6,117.3,-15.7,-29.4,-13.7,0,360,117,0,0,0,29,27,24,85,1,49.2264428
2022-01-31 12:22:11,3.969,154.075,32.8,57.7,1013.6,117.3,-15.7,-29.5,-13.9,0,360,117,0,0,0,29,28,24,85,1,52.9704428
2022-01-31 12:22:16,3.709,154.259,32.8,57.6,1013.5,117.3,-15.5,-29.2,-13.7,0,360,117,0,0,0,29,27,24,85,1,55.922441
2022-01-31 12:22:21,3.449,154.443,32.8,57.7,1013.5,117.4,-15.5,-29.1,-14,0,360,117,0,0,0,29,27,24,85,1,57.812441
2022-01-31 12:22:26,3.189,154.627,32.8,57.5,1013.5,117.4,-15.4,-29.1,-13.9,0,360,117,0,0,0,29,28,24,86,1,58.8204428
2022-01-31 12:22:31,2.928,154.811,32.8,57.8,1013.5,117.4,-15.8,-29.1,-14.1,0,360,117,0,0,0,29,27,24,85,1,58.154441000000006
2022-01-31 12:22:37,2.668,154.995,32.8,57.6,1013.6,117.5,-16.1,-29.2,-14.3,0,360,117,0,0,0,29,27,24,85,1,54.662441
2022-01-31 12:22:42,2.408,155.178,32.7,57.6,1013.6,117.5,-16.3,-29.3,-14.8,0,360,118,0,0,0,29,28,24,86,1,47.624441
2022-01-31 12:22:47,2.148,155.362,32.8,57.6,1013.6,117.6,-16.1,-29.2,-15,0,360,118,0,0,0,29,28,24,85,1,45.51844154
2022-01-31 12:22:52,1.888,155.545,32.8,57.7,1013.6,117.6,-16,-29.1,-15.4,0,360,118,0,0,0,29,28,24,86,1,43.8084419
2022-01-31 12:22:57,1.627,155.729,32.7,57.7,1013.6,117.7,-15.8,-29.4,-15.8,0,360,118,0,0,0,29,28,25,87,1,43.34044154
2022-01-31 12:23:02,1.367,155.912,32.9,57.6,1013.5,117.7,-16,-29.6,-15.4,0,360,118,0,0,0,29,28,24,86,1,42.96244136
2022-01-31 12:23:07,1.106,156.096,32.8,57.8,1013.5,117.7,-16.1,-29.4,-15.7,0,360,118,0,0,0,29,28,24,85,1,41.972441
2022-01-31 12:23:12,0.846,156.279,32.9,57.7,1013.6,117.8,-16.3,-29.6,-15.7,0,360,118,0,0,0,29,28,24,86,1,40.83844172
2022-01-31 12:23:17,0.585,156.463,32.8,58,1013.6,117.8,-16.4,-29.2,-15.9,0,360,118,0,0,0,29,28,24,85,1,41.05444154
2022-01-31 12:23:23,0.325,156.646,32.7,57.2,1013.6,117.9,-16.2,-29.3,-16.4,0,360,118,0,0,0,29,28,24,85,1,41.072441
2022-01-31 12:23:28,0.065,156.829,32.9,57.8,1013.5,117.9,-16.3,-29.3,-16.9,0,360,118,0,0,0,29,27,24,86,1,40.87444172
2022-01-31 12:23:33,-0.196,157.013,32.8,57.5,1013.5,118,-16.1,-29.3,-17.4,0,360,118,0,0,0,29,28,24,86,1,41.43244154
2022-01-31 12:23:38,-0.457,157.196,32.8,57.6,1013.5,118,-16.2,-29.1,-17,0,360,118,0,0,0,29,27,25,85,1,42.476441539999996
2022-01-31 12:23:43,-0.717,157.38,32.9,57.5,1013.6,118,-16.2,-29.1,-16.9,0,360,118,0,0,0,30,28,25,88,1,43.37644154
2022-01-31 12:23:48,-0.978,157.563,32.9,57.7,1013.6,118.1,-16.2,-28.6,-17.4,0,360,118,0,0,0,29,28,24,86,1,43.71844154
2022-01-31 12:23:53,-1.238,157.746,32.9,57.7,1013.5,118.2,-16.4,-28.6,-17.6,0,360,118,0,0,0,30,28,25,87,1,45.17644154
2022-01-31 12:23:58,-1.499,157.93,32.9,57.6,1013.6,118.2,-16.3,-28.6,-18.3,0,360,118,0,0,0,29,28,24,85,1,47.606441
2022-01-31 12:24:04,-1.759,158.113,32.9,57.9,1013.5,118.3,-16.6,-28.8,-18.3,0,360,118,0,0,0,29,28,24,86,1,51.422441
2022-01-31 12:24:09,-2.02,158.297,32.8,57.7,1013.5,118.3,-16.7,-28.8,-18.7,0,360,118,0,0,0,30,28,25,87,1,54.932441
2022-01-31 12:24:14,-2.281,158.481,32.8,57.6,1013.5,118.4,-16.5,-28.7,-19.3,0,360,118,0,0,0,29,28,24,86,1,58.352441
2022-01-31 12:24:19,-2.541,158.665,32.9,57.2,1013.5,118.5,-16.3,-28.7,-19.4,0,360,118,0,0,0,29,28,24,85,1,60.332441
2022-01-31 12:24:24,-2.801,158.848,32.9,57.8,1013.6,118.5,-16.9,-28.5,-18.9,0,360,119,0,0,0,29,27,24,85,1,61.0884428
2022-01-31 12:24:29,-3.061,159.032,32.9,57.7,1013.5,118.6,-16.6,-28.6,-18.9,0,360,119,0,0,0,29,27,24,85,1,60.458441900000004
2022-01-31 12:24:34,-3.321,159.216,32.9,57.8,1013.6,118.7,-16.6,-28.6,-19.2,0,360,119,0,0,0,29,28,25,86,1,60.0264428
2022-01-31 12:24:39,-3.581,159.4,32.8,57.5,1013.5,118.7,-16.6,-28.3,-19.2,0,360,119,0,0,0,29,28,24,86,1,58.802441
2022-01-31 12:24:44,-3.842,159.584,32.8,57.6,1013.5,118.8,-16.5,-28.5,-19.2,0,360,119,0,0,0,29,28,24,87,1,56.7144428
2022-01-31 12:24:50,-4.101,159.768,32.8,57.6,1013.5,118.8,-16.7,-28.7,-19.6,0,360,119,0,0,0,29,28,24,86,1,55.706441
2022-01-31 12:24:55,-4.361,159.953,32.8,57.6,1013.5,118.9,-16.9,-28.2,-20.5,0,360,119,0,0,0,29,28,24,87,1,54.860441
2022-01-31 12:25:00,-4.621,160.137,32.9,57.5,1013.5,119,-16.8,-28.2,-20.2,0,360,119,0,0,0,29,28,24,85,1,54.0144428
2022-01-31 12:25:05,-4.881,160.321,32.8,57.3,1013.5,119,-16.6,-28.1,-19.9,0,360,119,0,0,0,29,28,25,86,1,53.6364428
2022-01-31 12:25:10,-5.141,160.507,32.8,57.5,1013.5,119.1,-16.3,-28.4,-20.2,0,360,119,0,0,0,29,28,25,87,1,53.168441
2022-01-31 12:25:15,-5.401,160.692,32.9,57.6,1013.5,119.1,-16.5,-28.5,-20.2,0,360,119,0,0,0,29,28,24,86,1,53.078441
2022-01-31 12:25:20,-5.66,160.877,32.9,57.8,1013.5,119.2,-16.8,-28.3,-20.2,0,360,119,0,0,0,29,28,24,87,1,52.700441
2022-01-31 12:25:25,-5.92,161.062,32.9,57.4,1013.5,119.2,-16.9,-28.4,-20.6,0,360,119,0,0,0,29,28,24,86,1,51.746441000000004
2022-01-31 12:25:31,-6.179,161.248,32.9,57.6,1013.5,119.3,-16.8,-28.2,-21.3,0,360,119,0,0,0,30,29,25,88,1,50.774440999999996
2022-01-31 12:25:36,-6.439,161.433,32.9,57.7,1013.5,119.4,-17,-28.1,-21.7,0,360,119,0,0,0,29,27,24,85,1,50.162441
2022-01-31 12:25:41,-6.698,161.62,32.9,57.6,1013.5,119.4,-17,-28.3,-21.6,0,360,119,0,0,0,29,28,24,86,1,49.568441
2022-01-31 12:25:46,-6.958,161.806,32.9,57.4,1013.6,119.5,-17,-28.1,-21.9,0,360,120,0,0,0,29,28,24,86,1,49.2264428
2022-01-31 12:25:51,-7.217,161.993,32.9,57.4,1013.5,119.6,-16.6,-27.9,-21.7,0,360,120,0,0,0,29,28,24,86,1,49.6764428
2022-01-31 12:25:56,-7.476,162.179,32.9,57.4,1013.5,119.6,-16.8,-27.8,-22,0,360,120,0,0,0,29,27,24,85,1,49.874441
2022-01-31 12:26:01,-7.735,162.366,32.9,57.5,1013.5,119.7,-16.8,-27.8,-21.8,0,360,120,0,0,0,29,28,24,86,1,52.484441000000004
2022-01-31 12:26:06,-7.994,162.553,32.9,57.5,1013.6,119.7,-17,-27.7,-21.9,0,360,120,0,0,0,29,27,24,84,1,55.238441
2022-01-31 12:26:11,-8.252,162.741,33,57.2,1013.5,119.8,-17.3,-27.7,-22.3,0,360,120,0,0,0,29,27,24,84,1,57.0924428
2022-01-31 12:26:17,-8.511,162.928,32.9,57.3,1013.5,119.9,-17.1,-27.3,-22.7,0,0,120,0,0,0,29,28,24,87,1,60.044441
2022-01-31 12:26:22,-8.77,163.116,33,57.8,1013.6,120,-16.6,-27.2,-22.9,0,360,120,0,0,0,29,28,24,88,1,61.862442800000004
2022-01-31 12:26:27,-9.028,163.304,32.9,57.5,1013.5,120,-16.6,-26.9,-22.6,0,360,120,0,0,0,29,27,24,85,1,62.744442799999995
2022-01-31 12:26:32,-9.286,163.493,32.9,57.7,1013.5,120.1,-16.6,-26.9,-23,0,360,120,0,0,0,30,28,25,87,1,63.0504428
2022-01-31 12:26:37,-9.544,163.682,33,57.5,1013.6,120.2,-16.7,-27,-22.8,0,360,120,0,0,0,29,27,24,85,1,61.700442800000005
2022-01-31 12:26:42,-9.802,163.871,32.9,57.6,1013.6,120.2,-16.6,-27.4,-23.2,0,360,120,0,0,0,29,28,24,86,1,59.216441
2022-01-31 12:26:47,-10.059,164.06,33,57.6,1013.6,120.3,-16.4,-27.4,-23.6,0,360,120,0,0,0,29,27,24,86,1,54.356441
2022-01-31 12:26:52,-10.317,164.25,32.9,57.4,1013.6,120.3,-16.8,-27.1,-23.4,0,360,120,0,0,0,30,28,25,87,1,49.244441
2022-01-31 12:26:57,-10.574,164.44,32.9,57.5,1013.6,120.4,-16.8,-27.2,-23.7,0,360,120,0,0,0,29,28,24,85,1,47.300441
2022-01-31 12:27:03,-10.831,164.63,32.9,57.4,1013.6,120.4,-16.8,-27.4,-23.8,0,360,120,0,0,0,29,28,24,86,1,46.1664419
2022-01-31 12:27:08,-11.089,164.821,32.9,57.6,1013.6,120.5,-16.7,-27.3,-24.3,0,360,120,0,0,0,30,29,25,88,1,45.824441719999996
2022-01-31 12:27:13,-11.346,165.012,32.9,57.5,1013.6,120.5,-16.3,-27.1,-24,0,360,121,0,0,0,30,29,25,88,1,46.9044428
2022-01-31 12:27:18,-11.602,165.203,32.9,57.6,1013.6,120.5,-16.2,-27,-24,0,360,121,0,0,0,29,28,25,87,1,45.572441
2022-01-31 12:27:23,-11.859,165.395,32.9,57.5,1013.6,120.5,-16.5,-27,-23.9,0,360,121,0,0,0,29,27,24,84,1,45.6084419
2022-01-31 12:27:28,-12.116,165.588,33,57.7,1013.5,120.6,-16.6,-26.7,-24.1,0,360,121,0,0,0,29,28,24,85,1,46.5264428
2022-01-31 12:27:33,-12.372,165.78,32.9,57.6,1013.5,120.6,-16.6,-26.3,-24.3,0,360,121,0,0,0,29,27,24,85,1,46.418441
2022-01-31 12:27:38,-12.628,165.973,32.9,57.4,1013.5,120.7,-16.7,-26.5,-24.7,0,360,121,0,0,0,29,28,25,87,1,46.562441
2022-01-31 12:27:44,-12.884,166.167,32.9,57.7,1013.5,120.8,-16.6,-26.5,-25.2,0,360,121,0,0,0,30,29,25,89,1,46.5264428
2022-01-31 12:27:49,-13.14,166.361,33,57.5,1013.5,120.8,-16.7,-26.5,-24.8,0,360,121,0,0,0,30,29,25,88,1,46.328441
2022-01-31 12:27:54,-13.396,166.556,32.9,58.3,1013.5,120.9,-16.8,-26.2,-25.1,0,360,121,0,0,0,29,27,24,85,1,46.23844172
2022-01-31 12:27:59,-13.651,166.751,32.9,57.6,1013.5,120.9,-16.7,-26.3,-25.1,0,360,121,0,0,0,29,28,25,87,1,46.940441
2022-01-31 12:28:04,-13.907,166.946,32.9,57.4,1013.5,121,-16.6,-26.6,-24.9,0,360,121,0,0,0,29,27,24,87,1,49.550441
2022-01-31 12:28:09,-14.162,167.142,33,57.4,1013.5,121,-16.4,-26.7,-24.7,0,360,121,0,0,0,29,28,25,87,1,53.690441
2022-01-31 12:28:14,-14.416,167.338,33,57.5,1013.5,121.1,-16.6,-26.6,-25.1,0,360,121,0,0,0,29,28,24,86,1,56.390441
2022-01-31 12:28:19,-14.671,167.535,32.9,57.6,1013.5,121.1,-16.5,-26.3,-25.5,0,360,121,0,0,0,29,28,25,88,1,59.918441
2022-01-31 12:28:24,-14.925,167.732,32.9,57.5,1013.5,121.1,-16.5,-26.2,-25.6,0,360,121,0,0,0,29,28,24,86,1,61.2504428
2022-01-31 12:28:30,-15.179,167.929,33,57.7,1013.5,121.2,-16.3,-26.1,-26.1,0,360,121,0,0,0,29,28,24,87,1,62.47443919999999
2022-01-31 12:28:35,-15.433,168.128,33,57.3,1013.5,121.2,-16.7,-26,-26.4,0,360,121,0,0,0,29,28,24,87,1,62.330441
2022-01-31 12:28:40,-15.687,168.327,32.9,57.6,1013.6,121.3,-16.7,-25.7,-26.2,0,360,121,0,0,0,29,28,25,87,1,60.890440999999996
2022-01-31 12:28:45,-15.94,168.526,32.9,57.6,1013.5,121.4,-16.7,-25.7,-26.1,0,360,121,0,0,0,29,28,24,86,1,57.038441
2022-01-31 12:28:50,-16.193,168.726,32.9,57.4,1013.5,121.4,-16.5,-25.7,-25.7,0,360,121,0,0,0,29,28,25,87,1,54.5364428
2022-01-31 12:28:55,-16.446,168.927,32.9,57.4,1013.5,121.5,-16.4,-25.6,-26,0,360,121,0,0,0,29,28,24,85,1,53.096441
2022-01-31 12:29:00,-16.699,169.128,32.9,56.7,1013.5,121.5,-16.5,-25.5,-26.2,0,0,122,0,0,0,29,27,24,86,1,51.872441
2022-01-31 12:29:05,-16.952,169.329,33,57.3,1013.5,121.6,-16.3,-25.6,-26.8,0,0,122,0,0,0,29,28,24,86,1,51.800441
2022-01-31 12:29:11,-17.204,169.532,33,57.6,1013.5,121.6,-16.4,-25.3,-27.3,0,360,122,0,0,0,29,28,24,86,1,52.754441
2022-01-31 12:29:16,-17.456,169.735,32.9,57.5,1013.5,121.7,-16.2,-25.2,-27,0,360,122,0,0,0,29,28,24,86,1,50.774440999999996
2022-01-31 12:29:21,-17.708,169.938,33,57.8,1013.5,121.7,-16.1,-25.3,-26.7,0,360,122,0,0,0,29,28,24,85,1,50.216441
2022-01-31 12:29:26,-17.96,170.142,33.1,57.5,1013.5,121.7,-16.3,-25.2,-26.8,0,0,122,0,0,0,29,28,24,86,1,50.756440999999995
2022-01-31 12:29:31,-18.211,170.347,32.9,57.5,1013.5,121.8,-16.2,-25.1,-27.1,0,0,122,0,0,0,30,29,25,88,1,51.404441000000006
2022-01-31 12:29:36,-18.462,170.552,32.9,57.4,1013.5,121.8,-16,-25,-27,0,0,122,0,0,0,30,28,24,88,1,51.6924428
2022-01-31 12:29:41,-18.712,170.758,32.8,57.5,1013.5,121.9,-16.1,-25,-27.2,0,0,122,0,0,0,29,28,24,86,1,52.106441
2022-01-31 12:29:46,-18.962,170.965,32.9,57.4,1013.5,121.9,-16.1,-24.9,-27,0,0,122,0,0,0,29,28,24,86,1,52.268440999999996
2022-01-31 12:29:51,-19.213,171.172,32.9,57.5,1013.5,122,-16.4,-25,-26.9,0,0,122,0,0,0,29,28,24,87,1,52.3584419
2022-01-31 12:29:57,-19.463,171.381,33,57.4,1013.5,122,-16.4,-24.5,-27.4,0,0,122,0,0,0,29,27,24,84,1,52.4484428
2022-01-31 12:30:02,-19.712,171.589,32.9,57.7,1013.5,122.1,-16.2,-24.6,-27.4,0,0,122,0,0,0,29,27,25,85,1,52.430441
2022-01-31 12:30:07,-19.961,171.798,32.9,57.5,1013.5,122.1,-16.2,-24.8,-27.5,0,0,122,0,0,0,29,28,24,85,1,52.268440999999996
2022-01-31 12:30:12,-20.209,172.008,32.9,57.4,1013.5,122.2,-16.1,-24.7,-27.5,0,0,122,0,0,0,29,28,24,86,1,50.360441
2022-01-31 12:30:17,-20.458,172.219,33,57.6,1013.5,122.2,-15.8,-24.7,-27.2,0,0,122,0,0,0,29,27,24,84,1,48.632441
2022-01-31 12:30:22,-20.706,172.43,33,57.4,1013.5,122.2,-16,-24.5,-27.6,0,0,122,0,0,0,29,27,24,84,1,47.2824428
2022-01-31 12:30:27,-20.954,172.643,33,57.4,1013.5,122.3,-15.9,-24.4,-27.8,0,0,122,0,0,0,29,28,24,86,1,47.6424428
2022-01-31 12:30:32,-21.201,172.856,32.9,57.3,1013.5,122.3,-15.8,-24.2,-27.8,0,0,122,0,0,0,29,28,24,86,1,48.200441
2022-01-31 12:30:37,-21.448,173.07,33.1,57,1013.5,122.3,-16,-24,-28.1,0,0,122,0,0,0,29,27,24,84,1,48.056441
2022-01-31 12:30:43,-21.695,173.284,33,57.2,1013.5,122.4,-16,-24.1,-28.4,0,0,122,0,0,0,29,28,24,85,1,47.3544428
2022-01-31 12:30:48,-21.942,173.5,33,57.5,1013.5,122.4,-15.7,-23.9,-28.7,0,0,122,0,0,0,29,27,24,85,1,46.20244172
2022-01-31 12:30:53,-22.188,173.716,33.1,57.4,1013.5,122.5,-15.6,-23.7,-28.8,0,0,122,0,0,0,29,28,24,85,1,44.672441
2022-01-31 12:30:58,-22.434,173.934,33,57.5,1013.5,122.5,-15.8,-23.5,-29.1,0,0,123,0,0,0,29,28,24,86,1,44.09644172
2022-01-31 12:31:03,-22.679,174.151,33.1,57.4,1013.5,122.6,-15.5,-23.6,-28.9,0,0,123,0,0,0,30,28,25,88,1,43.79044154
2022-01-31 12:31:08,-22.925,174.371,33,57.4,1013.5,122.6,-15.4,-23.7,-28.9,0,0,123,0,0,0,29,27,25,84,1,43.37644154
2022-01-31 12:31:13,-23.17,174.591,32.9,57.3,1013.5,122.6,-15.5,-23.6,-29,0,360,123,0,0,0,29,28,25,85,1,43.052441720000004
2022-01-31 12:31:18,-23.414,174.811,33,57.5,1013.5,122.7,-15.8,-23.2,-28.8,0,360,123,0,0,0,29,28,24,86,1,43.30444154
2022-01-31 12:31:24,-23.657,175.032,33,57.6,1013.5,122.7,-15.8,-23.2,-29.5,0,0,123,0,0,0,30,28,25,87,1,43.26844154
2022-01-31 12:31:29,-23.901,175.254,33,57.6,1013.5,122.8,-15.7,-23.4,-29,0,0,123,0,0,0,29,28,24,85,1,42.692441
2022-01-31 12:31:34,-24.144,175.478,33,57.5,1013.5,122.8,-15.4,-23.2,-28.8,0,0,123,0,0,0,29,27,24,85,1,42.22444172
2022-01-31 12:31:39,-24.387,175.702,33.1,57.5,1013.5,122.8,-14.9,-23,-29.2,0,0,123,0,0,0,29,28,24,86,1,42.18844172
2022-01-31 12:31:44,-24.629,175.927,33,57.3,1013.6,122.9,-15,-23.1,-29.2,0,360,123,0,0,0,29,27,24,85,1,41.95444154
2022-01-31 12:31:49,-24.871,176.153,33.1,57.3,1013.6,122.8,-14.7,-23.2,-29.2,0,360,123,0,0,0,30,29,25,88,1,41.486441
2022-01-31 12:31:54,-25.112,176.38,33.1,57.7,1013.6,122.8,-15,-23,-29.3,0,0,123,0,0,0,29,28,24,85,1,41.270441
2022-01-31 12:31:59,-25.354,176.608,33,57.3,1013.5,122.8,-14.8,-22.7,-29.5,0,0,123,0,0,0,29,27,24,84,1,40.964441
2022-01-31 12:32:04,-25.594,176.837,33.1,58.3,1013.5,122.9,-14.7,-22.6,-29.9,0,0,123,0,0,0,29,28,24,86,1,40.802441720000004
2022-01-31 12:32:10,-25.834,177.067,32.9,57.3,1013.5,122.9,-15,-22.6,-29.7,0,0,123,0,0,0,29,28,24,86,1,41.036440999999996
2022-01-31 12:32:15,-26.074,177.298,33,57.5,1013.5,122.9,-14.9,-22.8,-29.7,0,0,123,0,0,0,30,28,25,88,1,42.134441
2022-01-31 12:32:20,-26.313,177.53,32.9,57.4,1013.5,122.9,-14.6,-22.7,-29.9,0,0,123,0,0,0,29,28,24,86,1,43.196441719999996
2022-01-31 12:32:25,-26.552,177.763,33,57.2,1013.5,122.9,-14.6,-22.5,-30.1,0,0,123,0,0,0,29,27,24,87,1,44.528441
2022-01-31 12:32:30,-26.79,177.997,33,57.5,1013.5,122.9,-14.5,-22.2,-30.1,0,0,123,0,0,0,29,28,24,85,1,45.03244154
2022-01-31 12:32:35,-27.028,178.232,33.1,57.6,1013.6,122.9,-14.6,-22.2,-30.4,0,0,123,0,0,0,29,27,24,85,1,44.92444172
2022-01-31 12:32:40,-27.265,178.468,33.1,57.4,1013.6,122.9,-14.4,-21.9,-30,0,0,123,0,0,0,29,28,24,85,1,45.014441
2022-01-31 12:32:45,-27.502,178.705,33.1,57.2,1013.6,123,-14.4,-21.6,-29.7,0,0,123,0,0,0,29,28,24,85,1,44.47444172
2022-01-31 12:32:51,-27.738,178.943,33,57.2,1013.6,123,-14.3,-21.5,-29.6,0,0,123,0,0,0,30,29,25,88,1,44.042441
2022-01-31 12:32:56,-27.974,179.183,33.1,57.5,1013.6,123,-14.3,-21.5,-30.1,0,0,123,0,0,0,29,28,25,87,1,43.934441
2022-01-31 12:33:01,-28.21,179.423,33.1,57.5,1013.5,123,-14.2,-21.2,-30.1,0,0,123,0,0,0,29,28,24,85,1,43.322441
2022-01-31 12:33:06,-28.445,179.665,33,57.4,1013.5,123.1,-14,-21.5,-30,0,0,123,0,0,0,30,29,25,88,1,43.08844172
2022-01-31 12:33:11,-28.679,179.908,33.1,57.1,1013.5,123.1,-14,-21.3,-30.1,0,0,123,0,0,0,29,27,25,84,1,42.872440999999995
2022-01-31 12:33:16,-28.912,-179.848,33.1,57.4,1013.6,123.1,-13.9,-21.4,-29.9,0,0,123,0,0,0,29,28,24,85,1,42.5664419
2022-01-31 12:33:21,-29.145,-179.603,33,57.5,1013.6,123.1,-13.8,-21.6,-30.7,0,0,123,0,0,0,30,28,25,88,1,42.620441
2022-01-31 12:33:26,-29.378,-179.357,33,57.5,1013.6,123,-13.8,-21.5,-30.6,0,0,123,0,0,0,29,28,24,86,1,42.422441
2022-01-31 12:33:31,-29.61,-179.109,33,57.5,1013.5,123,-13.4,-21.2,-31,0,0,123,0,0,0,29,27,25,85,1,42.4944419
2022-01-31 12:33:37,-29.842,-178.861,33.1,57.5,1013.6,123,-13.4,-21.2,-30.9,0,0,123,0,0,0,29,27,24,85,1,42.33244154
2022-01-31 12:33:42,-30.073,-178.61,33.1,57.7,1013.5,123,-13.9,-21.1,-30.9,0,0,123,0,0,0,29,28,24,86,1,41.972441
2022-01-31 12:33:47,-30.303,-178.359,33.1,57.5,1013.5,123,-13.8,-21.2,-30.5,0,0,123,0,0,0,29,27,24,84,1,42.0444419
2022-01-31 12:33:52,-30.532,-178.107,33.1,57.6,1013.5,123,-13.5,-21.1,-30.2,0,0,123,0,0,0,29,28,24,86,1,41.792441
2022-01-31 12:33:57,-30.762,-177.853,33.1,57.5,1013.5,123,-13.5,-20.8,-30.6,0,0,123,0,0,0,29,28,24,86,1,41.6304419
2022-01-31 12:34:02,-30.99,-177.598,33.1,57.5,1013.5,123,-13.5,-20.6,-30.9,0,0,123,0,0,0,29,29,25,84,1,41.486441
2022-01-31 12:34:07,-31.219,-177.341,33,57.5,1013.6,123,-13.7,-20,-31,0,0,123,0,0,0,29,27,24,84,1,41.342441
2022-01-31 12:34:12,-31.446,-177.083,33.2,57.4,1013.5,123.1,-13.6,-20.3,-31.5,0,0,123,0,0,0,29,28,24,87,1,41.39644172
2022-01-31 12:34:17,-31.672,-176.825,33,57.4,1013.5,123.1,-13.1,-20.7,-31.5,0,0,123,0,0,0,29,28,24,85,1,41.77444172
2022-01-31 12:34:23,-31.899,-176.564,33.1,57.1,1013.6,123,-13.3,-20.6,-31,0,0,123,0,0,0,29,28,24,86,1,42.5304419
2022-01-31 12:34:28,-32.124,-176.302,33,57.4,1013.5,123,-13.3,-21,-30.9,0,0,123,0,0,0,29,28,24,87,1,43.250440999999995
2022-01-31 12:34:33,-32.349,-176.039,33.1,57.1,1013.5,123,-13.1,-20.4,-30.8,0,0,123,0,0,0,29,28,24,86,1,43.106441000000004
2022-01-31 12:34:38,-32.573,-175.774,33.1,57.4,1013.6,123,-13.1,-20.2,-31.1,0,0,123,0,0,0,29,27,24,85,1,42.96244136
2022-01-31 12:34:43,-32.797,-175.508,33,57.5,1013.5,123,-12.7,-20.1,-31,0,0,123,0,0,0,29,28,25,86,1,43.052441720000004
2022-01-31 12:34:48,-33.019,-175.241,33,57.7,1013.5,123,-12.7,-19.9,-31.1,0,0,123,0,0,0,29,28,24,86,1,42.836441
2022-01-31 12:34:53,-33.242,-174.972,33.1,57.4,1013.5,123,-12.6,-19.7,-31.1,0,0,123,0,0,0,29,27,24,85,1,42.74644172
2022-01-31 12:34:58,-33.463,-174.702,33,57.3,1013.6,123,-12.8,-19.4,-31.4,0,0,123,0,0,0,29,28,24,85,1,42.800441
2022-01-31 12:35:04,-33.684,-174.43,33.1,57.5,1013.6,123,-12.6,-19.4,-31.4,0,0,123,0,0,0,29,28,24,85,1,42.33244154
2022-01-31 12:35:09,-33.904,-174.156,33.1,57.1,1013.5,123,-12.3,-19.3,-31.4,0,0,123,0,0,0,29,27,24,85,1,42.5304419
2022-01-31 12:35:14,-34.124,-173.881,33.1,57,1013.5,122.9,-12.2,-19.3,-31.2,0,0,123,0,0,0,29,27,24,84,1,42.51244136
2022-01-31 12:35:19,-34.342,-173.605,33.2,57.5,1013.5,122.9,-12.5,-19.4,-31.4,0,0,123,0,0,0,29,28,24,86,1,42.476441539999996
2022-01-31 12:35:24,-34.56,-173.327,33.2,57.4,1013.6,122.9,-12.2,-19.7,-31.2,0,0,123,0,0,0,29,28,24,85,1,42.584441
2022-01-31 12:35:29,-34.778,-173.047,33.1,57.3,1013.5,122.9,-12,-19.5,-31.1,0,0,123,0,0,0,29,28,24,86,1,42.584441
2022-01-31 12:35:34,-34.994,-172.766,33.1,57.3,1013.6,122.8,-11.9,-19.2,-31,0,0,123,0,0,0,29,28,24,85,1,42.26044172
2022-01-31 12:35:39,-35.209,-172.483,33.2,57.2,1013.5,122.8,-11.6,-19.4,-31,0,0,123,0,0,0,29,27,24,84,1,42.278441
2022-01-31 12:35:44,-35.424,-172.199,33.1,57.5,1013.5,122.7,-11.5,-19.2,-31.1,0,0,123,0,0,0,29,28,24,87,1,42.728441000000004
2022-01-31 12:35:50,-35.638,-171.913,33.1,57.4,1013.6,122.6,-11.5,-18.8,-31.6,0,0,123,0,0,0,29,27,24,84,1,43.106441000000004
2022-01-31 12:35:55,-35.852,-171.625,33.1,57.2,1013.6,122.6,-11.5,-18.7,-31.6,0,0,123,0,0,0,29,27,24,84,1,43.034441
2022-01-31 12:36:00,-36.064,-171.336,33.1,57.4,1013.5,122.5,-11.2,-18.6,-31.1,0,0,123,0,0,0,29,28,24,86,1,42.96244136
2022-01-31 12:36:05,-36.276,-171.045,33,57.3,1013.5,122.5,-11.4,-18.8,-31.4,0,0,122,0,0,0,29,28,24,86,1,42.836441
2022-01-31 12:36:10,-36.487,-170.753,33.2,57.2,1013.4,122.5,-11.6,-18.5,-31.3,0,0,122,0,0,0,30,29,25,88,1,42.5664419
2022-01-31 12:36:15,-36.697,-170.459,33.1,57.3,1013.4,122.4,-11.2,-18.4,-31.2,0,0,122,0,0,0,30,29,25,88,1,42.60244172
2022-01-31 12:36:20,-36.906,-170.163,33.1,57.4,1013.5,122.4,-11.3,-18.3,-31.4,0,0,122,0,0,0,29,28,24,86,1,42.89044154
2022-01-31 12:36:25,-37.114,-169.866,33.2,57.4,1013.5,122.3,-11,-18.6,-31.6,0,0,122,0,0,0,29,28,24,86,1,44.042441
2022-01-31 12:36:30,-37.321,-169.567,33.2,57.2,1013.5,122.3,-10.8,-18.5,-31.4,0,0,122,0,0,0,29,27,24,87,1,44.54644172
2022-01-31 12:36:36,-37.527,-169.266,33.1,56.3,1013.5,122.2,-11,-18.4,-31.6,0,0,122,0,0,0,29,28,24,87,1,44.61844154
2022-01-31 12:36:41,-37.733,-168.962,33.1,57.4,1013.5,122.2,-11.1,-18.3,-31.6,0,0,122,0,0,0,29,28,24,85,1,44.7804419
2022-01-31 12:36:46,-37.938,-168.658,33.1,57.4,1013.5,122.1,-10.6,-18.2,-31.4,0,0,122,0,0,0,29,28,24,85,1,44.942441
2022-01-31 12:36:51,-38.141,-168.352,33.1,57,1013.5,122,-10.2,-17.8,-31.1,0,0,122,0,0,0,29,28,24,87,1,44.7444419
2022-01-31 12:36:56,-38.345,-168.043,33.2,57.1,1013.5,121.9,-10.3,-18.1,-32,0,0,122,0,0,0,29,27,24,85,1,43.970441
2022-01-31 12:37:01,-38.547,-167.733,33.1,57.5,1013.5,121.8,-10.2,-18.1,-32.1,0,0,122,0,0,0,30,28,25,84,1,43.664441
2022-01-31 12:37:06,-38.747,-167.421,33.1,57.5,1013.4,121.8,-10.5,-17.9,-31.9,0,0,122,0,0,0,29,28,25,86,1,42.0804419
2022-01-31 12:37:11,-38.947,-167.107,33.1,57.3,1013.5,121.7,-10.4,-17.6,-31.9,0,0,122,0,0,0,29,27,24,85,1,41.522441
2022-01-31 12:37:17,-39.146,-166.792,33.2,57.4,1013.5,121.7,-10.3,-17.5,-31.8,0,0,122,0,0,0,30,28,25,87,1,42.15244172
2022-01-31 12:37:22,-39.344,-166.475,33.1,57.3,1013.5,121.6,-10,-17.4,-31.7,0,0,122,0,0,0,29,27,24,84,1,42.33244154
2022-01-31 12:37:27,-39.541,-166.155,33,57.3,1013.5,121.5,-9.7,-17.1,-31.6,0,0,121,0,0,0,29,28,24,85,1,43.106441000000004
2022-01-31 12:37:32,-39.737,-165.834,33.1,57.3,1013.5,121.5,-9.4,-17.1,-30.8,0,0,121,0,0,0,29,28,25,85,1,43.50244172
2022-01-31 12:37:37,-39.932,-165.511,33,56.4,1013.5,121.4,-9.5,-16.9,-31.3,0,0,121,0,0,0,29,27,24,85,1,43.556441
2022-01-31 12:37:42,-40.126,-165.186,33.1,57.2,1013.5,121.3,-9.4,-16.9,-31.5,0,0,121,0,0,0,29,28,24,85,1,43.86244136
2022-01-31 12:37:47,-40.318,-164.859,33.1,57.2,1013.5,121.2,-9.1,-16.6,-31.1,0,0,121,0,0,0,29,27,24,84,1,43.61044172
2022-01-31 12:37:52,-40.51,-164.529,33.1,57.1,1013.5,121.1,-8.9,-16.3,-30.8,0,0,121,0,0,0,29,28,24,86,1,43.592441
2022-01-31 12:37:57,-40.701,-164.197,33.2,57.2,1013.5,121,-8.8,-16.1,-30.9,0,0,121,0,0,0,29,28,24,85,1,43.34044154
2022-01-31 12:38:03,-40.891,-163.864,33,57.1,1013.5,120.9,-8.8,-16.5,-31.2,0,0,121,0,0,0,29,28,24,85,1,43.9164419
2022-01-31 12:38:08,-41.08,-163.528,33.1,57.4,1013.4,120.8,-8.8,-16.3,-31.2,0,0,121,0,0,0,29,28,24,87,1,44.078441
2022-01-31 12:38:13,-41.267,-163.191,33.1,57.2,1013.5,120.7,-8.7,-16,-31.1,0,0,121,0,0,0,29,28,24,86,1,44.02444172
2022-01-31 12:38:18,-41.453,-162.852,33.2,57.5,1013.4,120.6,-8.9,-16,-30.7,0,0,121,0,0,0,29,28,25,85,1,43.82644154
2022-01-31 12:38:23,-41.638,-162.511,33.1,57.3,1013.5,120.6,-8.8,-15.9,-31.1,0,0,121,0,0,0,30,28,25,85,1,44.006441
2022-01-31 12:38:28,-41.822,-162.168,33.2,57.3,1013.5,120.5,-8.6,-15.9,-30.8,0,0,120,0,0,0,30,29,25,88,1,44.798441
2022-01-31 12:38:33,-42.005,-161.823,33.2,57.3,1013.4,120.4,-8.5,-15.9,-31.3,0,0,120,0,0,0,29,27,24,84,1,45.266441900000004
2022-01-31 12:38:38,-42.187,-161.475,33.2,57.1,1013.5,120.3,-8.5,-15.5,-31.5,0,0,120,0,0,0,29,27,24,89,1,45.644441900000004
2022-01-31 12:38:43,-42.368,-161.125,33.2,57.2,1013.4,120.3,-8.3,-15.8,-31.2,0,0,120,0,0,0,29,28,24,86,1,45.66244136
2022-01-31 12:38:49,-42.547,-160.773,33.2,57.5,1013.4,120.2,-8,-15.3,-31.2,0,0,120,0,0,0,29,27,24,84,1,45.482441539999996
2022-01-31 12:38:54,-42.725,-160.419,33.1,57.3,1013.4,120.1,-7.9,-15.2,-31,0,0,120,0,0,0,29,27,24,84,1,45.248441
2022-01-31 12:38:59,-42.901,-160.063,33.1,57.4,1013.4,120,-7.9,-15.1,-30.2,0,0,120,0,0,0,29,28,24,85,1,44.384441
2022-01-31 12:39:04,-43.077,-159.706,33.2,57.2,1013.4,119.9,-7.7,-14.8,-30.2,0,0,120,0,0,0,30,29,25,88,1,44.43844172
2022-01-31 12:39:09,-43.251,-159.345,33.2,57.1,1013.4,119.8,-7.8,-14.8,-30.7,0,0,120,0,0,0,29,27,24,87,1,44.31244136
2022-01-31 12:39:14,-43.424,-158.982,33.2,57.3,1013.4,119.7,-7.7,-14.8,-30.9,0,0,120,0,0,0,29,28,24,86,1,43.8084419
2022-01-31 12:39:19,-43.596,-158.617,33.1,57.4,1013.4,119.6,-7.8,-15,-31.2,0,0,120,0,0,0,29,27,24,84,1,43.8804419
2022-01-31 12:39:24,-43.766,-158.25,33.1,57.2,1013.4,119.6,-7.7,-14.8,-30.3,0,0,120,0,0,0,29,28,24,85,1,43.016441900000004
2022-01-31 12:39:30,-43.935,-157.882,33.1,57.3,1013.4,119.4,-7.2,-14.8,-30.4,0,0,119,0,0,0,29,27,24,88,1,44.09644172
2022-01-31 12:39:35,-44.103,-157.511,33.2,57.2,1013.4,119.3,-6.9,-14.8,-30.6,0,0,119,0,0,0,29,27,24,84,1,44.420441
2022-01-31 12:39:40,-44.269,-157.137,33.2,57.3,1013.4,119.1,-6.8,-14.8,-30.1,0,0,119,0,0,0,29,28,25,87,1,44.636441000000005
2022-01-31 12:39:45,-44.434,-156.761,33.1,57.1,1013.4,119,-6.9,-14.7,-29.7,0,0,119,0,0,0,29,28,24,86,1,42.854441539999996
2022-01-31 12:39:50,-44.598,-156.383,33.2,57.5,1013.4,118.8,-6.6,-14.7,-29.8,0,0,119,0,0,0,29,28,24,86,1,42.78244154
2022-01-31 12:39:55,-44.76,-156.003,33.3,57.2,1013.4,118.6,-6.6,-14.4,-30.1,0,0,119,0,0,0,29,27,24,84,1,43.034441
2022-01-31 12:40:00,-44.92,-155.621,33.1,57.2,1013.5,118.5,-6.9,-14.1,-30,0,0,118,0,0,0,29,27,24,85,1,42.67444172
2022-01-31 12:40:05,-45.079,-155.237,33.1,57.4,1013.4,118.4,-6.5,-14.3,-29.8,0,0,118,0,0,0,29,27,25,85,1,43.052441720000004
2022-01-31 12:40:10,-45.237,-154.849,33.2,57.2,1013.4,118.2,-6.4,-14.1,-29.7,0,0,118,0,0,0,29,27,24,84,1,43.052441720000004
2022-01-31 12:40:16,-45.393,-154.461,33.1,57.4,1013.4,118,-5.9,-14,-29.3,0,0,118,0,0,0,29,28,24,86,1,43.034441
2022-01-31 12:40:21,-45.548,-154.069,33.1,57.4,1013.4,117.8,-5.8,-13.6,-29.1,0,0,118,0,0,0,29,27,24,85,1,43.34044154
2022-01-31 12:40:26,-45.702,-153.675,33.1,57.2,1013.4,117.7,-6,-13.7,-29.3,0,0,118,0,0,0,29,28,24,86,1,43.71844154
2022-01-31 12:40:31,-45.854,-153.279,33.1,57.4,1013.4,117.5,-5.8,-13.7,-29,0,0,117,0,0,0,30,28,25,88,1,44.870441
2022-01-31 12:40:36,-46.004,-152.882,33.1,57.4,1013.4,117.3,-5.7,-13.6,-28.7,0,0,117,0,0,0,29,27,24,85,1,45.6804419
2022-01-31 12:40:41,-46.152,-152.481,33.1,57,1013.4,117.1,-5.6,-13.5,-28.6,0,0,117,0,0,0,29,28,24,87,1,45.75244172
2022-01-31 12:40:46,-46.3,-152.079,33.2,57.2,1013.4,117,-6,-13.5,-28.7,0,0,117,0,0,0,29,28,24,86,1,45.320441
2022-01-31 12:40:51,-46.445,-151.673,33.1,57.3,1013.4,116.8,-5.8,-13.1,-29.2,0,0,117,0,0,0,29,28,24,85,1,44.978441
2022-01-31 12:40:56,-46.589,-151.266,33.1,57.2,1013.4,116.7,-5.4,-13.4,-29.6,0,0,117,0,0,0,29,28,24,86,1,44.600441000000004
2022-01-31 12:41:02,-46.732,-150.857,33.2,57.5,1013.4,116.5,-5.2,-13.3,-29.1,0,0,116,0,0,0,29,28,24,86,1,44.348441
2022-01-31 12:41:07,-46.872,-150.445,33.2,57.4,1013.4,116.3,-5.2,-13.2,-29.1,0,0,116,0,0,0,29,28,24,87,1,44.2584419
2022-01-31 12:41:12,-47.011,-150.031,33.3,57.3,1013.4,116.1,-4.8,-12.8,-28.4,0,0,116,0,0,0,29,27,24,85,1,44.564441
2022-01-31 12:41:17,-47.149,-149.615,33.1,57.2,1013.5,115.9,-4.6,-12.5,-28.2,0,0,116,0,0,0,29,27,24,85,1,44.870441
2022-01-31 12:41:22,-47.285,-149.196,33.2,56.9,1013.4,115.6,-4.5,-12.7,-28.6,0,0,116,0,0,0,29,28,24,86,1,45.06844154
2022-01-31 12:41:27,-47.419,-148.775,33.2,57.3,1013.5,115.4,-4.6,-12.7,-28.5,0,0,115,0,0,0,29,28,24,86,1,45.464441
2022-01-31 12:41:32,-47.551,-148.353,33.2,57.4,1013.5,115.2,-4.6,-12.5,-28.4,0,0,115,0,0,0,29,27,24,85,1,45.86044172
2022-01-31 12:41:37,-47.681,-147.929,33.2,57.3,1013.5,115,-4.3,-12.1,-28.1,0,0,115,0,0,0,29,28,24,86,1,46.1304419
2022-01-31 12:41:43,-47.81,-147.501,33.2,57.2,1013.5,114.8,-4.2,-12.3,-27.9,0,0,115,0,0,0,29,28,24,86,1,46.328441
2022-01-31 12:41:48,-47.937,-147.071,33.2,57.3,1013.5,114.6,-4.3,-12.1,-27.4,0,0,114,0,0,0,30,28,25,87,1,46.23844172
2022-01-31 12:41:53,-48.063,-146.639,33.2,57.2,1013.5,114.4,-4.3,-11.8,-27.6,0,0,114,0,0,0,29,28,24,87,1,46.04044154
2022-01-31 12:41:58,-48.186,-146.205,33.2,57.1,1013.5,114.2,-4,-11.9,-27.4,0,0,114,0,0,0,29,27,24,85,1,45.75244172
2022-01-31 12:42:03,-48.308,-145.77,33.2,57.1,1013.5,114,-3.9,-11.8,-27.7,0,0,114,0,0,0,29,28,24,87,1,45.284441
2022-01-31 12:42:08,-48.428,-145.332,33.3,57.3,1013.5,113.7,-3.6,-11.6,-27.6,0,0,114,0,0,0,29,27,24,85,1,44.564441
2022-01-31 12:42:13,-48.546,-144.891,33.1,57.1,1013.5,113.5,-3.8,-11.5,-26.9,0,0,113,0,0,0,29,28,24,85,1,44.54644172
2022-01-31 12:42:18,-48.662,-144.449,33.3,57.2,1013.5,113.3,-3.6,-11.5,-26.9,0,0,113,0,0,0,29,27,24,85,1,44.96044172
2022-01-31 12:42:23,-48.776,-144.004,33.3,57.3,1013.5,113,-3.6,-11.6,-26.8,0,0,113,0,0,0,30,28,25,87,1,46.022441
2022-01-31 12:42:29,-48.889,-143.556,33.2,57.1,1013.5,112.8,-3.6,-11.3,-26.4,0,0,113,0,0,0,29,28,24,85,1,46.7604428
2022-01-31 12:42:34,-48.999,-143.108,33.2,57.3,1013.5,112.6,-3.6,-11.3,-26.1,0,0,113,0,0,0,30,29,25,88,1,47.2644428
2022-01-31 12:42:39,-49.108,-142.657,33.2,57.3,1013.5,112.4,-3.2,-11.3,-26.2,0,0,112,0,0,0,29,27,24,84,1,46.922441
2022-01-31 12:42:44,-49.215,-142.204,33.2,57.1,1013.5,112.1,-3.2,-11.1,-26.3,0,0,112,0,0,0,29,28,24,87,1,47.012440999999995
2022-01-31 12:42:49,-49.319,-141.749,33.2,57.4,1013.5,111.9,-3.2,-11,-26.4,0,0,112,0,0,0,29,28,24,85,1,47.660441
2022-01-31 12:42:54,-49.422,-141.291,33.3,57.1,1013.5,111.6,-3,-10.8,-26.1,0,0,112,0,0,0,29,28,24,86,1,47.8584419
2022-01-31 12:42:59,-49.523,-140.832,33.2,57.1,1013.5,111.4,-3.2,-11,-26.1,0,0,111,0,0,0,29,28,24,87,1,48.110441
2022-01-31 12:43:04,-49.622,-140.371,33.1,57.2,1013.5,111.2,-3.1,-11.1,-26,0,0,111,0,0,0,29,28,24,85,1,48.506440999999995
2022-01-31 12:43:10,-49.718,-139.909,33.3,56.8,1013.5,111,-2.9,-10.6,-26,0,0,111,0,0,0,30,28,25,88,1,48.902440999999996
2022-01-31 12:43:15,-49.813,-139.444,33.2,57.2,1013.5,110.7,-2.6,-10.6,-26.1,0,0,111,0,0,0,29,27,24,85,1,49.190441
2022-01-31 12:43:20,-49.905,-138.978,33.1,57.2,1013.5,110.4,-2,-10.6,-25.6,0,0,110,0,0,0,29,27,24,85,1,49.460441
2022-01-31 12:43:25,-49.996,-138.509,33.2,57.1,1013.5,110,-1.9,-10.5,-25,0,0,110,0,0,0,29,27,24,84,1,49.604441
2022-01-31 12:43:30,-50.085,-138.038,33.1,57,1013.5,109.7,-2.3,-10.3,-25.1,0,0,110,0,0,0,30,29,25,88,1,49.856441
2022-01-31 12:43:35,-50.171,-137.566,33.1,57.1,1013.5,109.4,-2.2,-10.4,-25.1,0,0,109,0,0,0,29,28,24,86,1,50.252441
2022-01-31 12:43:40,-50.255,-137.093,33.2,57.1,1013.5,109.1,-2.1,-10.1,-25.2,0,0,109,0,0,0,29,27,24,85,1,50.396441
2022-01-31 12:43:45,-50.338,-136.617,33.1,57.3,1013.5,108.8,-1.8,-10.1,-24.9,0,0,109,0,0,0,29,28,24,85,1,50.4864428
2022-01-31 12:43:50,-50.418,-136.139,33.2,57.2,1013.5,108.4,-2,-10.1,-24.8,0,0,108,0,0,0,29,28,24,87,1,50.558441900000005
2022-01-31 12:43:56,-50.496,-135.661,33.2,57.2,1013.5,108.2,-1.9,-9.9,-24.7,0,0,108,0,0,0,29,28,24,86,1,50.6484428
2022-01-31 12:44:01,-50.571,-135.18,33.2,57.2,1013.5,107.9,-1.6,-9.9,-24.7,0,0,108,0,0,0,29,28,24,86,1,51.080441
2022-01-31 12:44:06,-50.645,-134.698,33.2,56.7,1013.4,107.5,-1.5,-9.7,-24.2,0,0,107,0,0,0,29,27,24,86,1,51.260441
2022-01-31 12:44:11,-50.716,-134.215,33.3,57,1013.5,107.2,-1.5,-9.8,-24.4,0,0,107,0,-0.1,0,29,27,24,84,1,51.800441
2022-01-31 12:44:16,-50.785,-133.73,33.2,57,1013.5,106.8,-1.6,-9.8,-24.6,0,0,107,0,0,0,29,28,24,86,1,52.178441
2022-01-31 12:44:21,-50.852,-133.243,33.3,55.9,1013.4,106.5,-1.6,-9.9,-24.5,0,0,106,0,0,0,29,28,24,87,1,52.2864428
2022-01-31 12:44:26,-50.917,-132.756,33.2,57.2,1013.5,106.2,-1.3,-10,-24.3,0,0,106,0,0,0,29,27,24,85,1,52.610441
2022-01-31 12:44:31,-50.98,-132.266,33.2,57.3,1013.4,105.9,-1.3,-9.7,-24.4,0,0,106,0,0,0,29,27,24,84,1,52.1424428
2022-01-31 12:44:36,-51.04,-131.775,33.1,57.3,1013.5,105.6,-1.3,-9.2,-24.2,0,0,105,0,0,0,29,28,24,86,1,51.800441
2022-01-31 12:44:42,-51.098,-131.284,33.1,57.3,1013.5,105.3,-1.3,-9.4,-24,0,0,105,0,0,0,30,28,25,87,1,51.854441
2022-01-31 12:44:47,-51.154,-130.791,33.2,57.3,1013.5,104.9,-1.1,-9.4,-23.7,0,0,105,0,0,0,29,27,24,84,1,52.304441000000004
2022-01-31 12:44:52,-51.207,-130.297,33.2,57,1013.5,104.6,-1,-9.5,-23.1,0,0,104,0,0,0,29,28,24,86,1,52.268440999999996
2022-01-31 12:44:57,-51.259,-129.801,33.3,57.1,1013.5,104.3,-0.9,-9.3,-23,0,0,104,0,0,0,29,27,24,85,1,50.306441
2022-01-31 12:45:02,-51.308,-129.304,33.3,57.1,1013.5,103.9,-0.9,-9.4,-22.9,0,0,104,0,0,0,29,27,24,84,1,43.08844172
2022-01-31 12:45:07,-51.354,-128.806,33.2,57.2,1013.5,103.6,-0.4,-9.7,-23,0,0,103,0,0,0,30,28,25,87,1,39.3084419
2022-01-31 12:45:12,-51.399,-128.306,33.2,57.1,1013.5,103.1,-0.1,-9.3,-22.3,0,0,103,0,0,0,29,28,24,85,1,41.684441
2022-01-31 12:45:17,-51.441,-127.807,33.2,57,1013.5,102.6,-0.1,-9.3,-22.6,0,0,102,0,0,0,29,27,24,85,1,41.378440999999995
2022-01-31 12:45:23,-51.481,-127.306,33.3,58.3,1013.5,102.2,-0.7,-9.5,-22.6,0,0,102,0,0,0,29,28,24,85,1,40.26244136
2022-01-31 12:45:28,-51.518,-126.804,33.3,57.1,1013.5,101.9,-0.8,-9.4,-21.9,0,0,102,0,0,0,29,28,24,85,1,39.470441
2022-01-31 12:45:33,-51.553,-126.301,33.2,57.2,1013.5,101.6,-0.7,-8.9,-21.7,0,0,101,0,0,0,29,27,24,87,1,39.36244136
2022-01-31 12:45:38,-51.586,-125.798,33.2,56.9,1013.5,101.3,-0.4,-9,-21.7,0,0,101,0,0,0,29,28,24,87,1,39.90244172
2022-01-31 12:45:43,-51.617,-125.294,33.3,57.2,1013.5,100.9,-0.3,-8.9,-21.6,0,0,101,0,0,0,29,28,24,86,1,38.84044154
2022-01-31 12:45:48,-51.645,-124.79,33.3,57.3,1013.5,100.6,-0.1,-8.7,-21.7,0,0,100,0,0,0,29,28,24,85,1,38.8224419
2022-01-31 12:45:53,-51.67,-124.284,33.3,57.1,1013.5,100.2,-0.2,-8.7,-21.2,0,0,100,0,0,0,29,28,24,85,1,38.80444154
2022-01-31 12:45:58,-51.694,-123.778,33.2,56.9,1013.4,99.8,-0.3,-8.9,-21.5,0,0,100,0,0,0,30,28,25,87,1,38.354441539999996
2022-01-31 12:46:03,-51.715,-123.271,33.2,58.1,1013.4,99.5,-0.1,-8.8,-21.5,0,0,99,0,0,0,29,27,24,85,1,39.02044136
2022-01-31 12:46:09,-51.733,-122.764,33.2,57.1,1013.5,99.1,0,-9.2,-21.5,0,0,99,0,0,0,29,28,24,86,1,38.80444154
2022-01-31 12:46:14,-51.75,-122.256,33.2,57.1,1013.5,98.8,0,-9.2,-21.1,0,0,99,0,0,0,29,28,24,86,1,38.98444136
2022-01-31 12:46:19,-51.764,-121.748,33.3,56.8,1013.5,98.4,0.3,-9.4,-21,0,0,98,0,0,0,29,27,24,84,1,38.62444172
2022-01-31 12:46:24,-51.775,-121.24,33.3,57.1,1013.5,98,0.4,-9.3,-21.1,0,0,98,0,0,0,29,28,25,86,1,39.18244154
2022-01-31 12:46:29,-51.784,-120.732,33.3,57.3,1013.5,97.6,0.1,-8.8,-20.7,0,360,97,0,0,0,30,28,25,87,1,40.19044154
2022-01-31 12:46:34,-51.791,-120.225,33.3,57,1013.5,97.3,0.2,-8.7,-20.6,0,360,97,0,0,0,29,27,24,84,1,41.450441
2022-01-31 12:46:39,-51.795,-119.716,33.3,57.2,1013.5,96.9,0.4,-8.6,-19.9,360,360,97,0,0,0,29,27,24,86,1,41.792441
2022-01-31 12:46:44,-51.797,-119.207,33.3,58.5,1013.5,96.5,0.3,-8.5,-20.7,360,360,96,0,0,0,29,28,24,87,1,43.178441
2022-01-31 12:46:50,-51.797,-118.698,33.3,57,1013.5,96.1,0.8,-8.7,-20.4,360,360,96,0,0,0,29,27,24,85,1,43.30444154
2022-01-31 12:46:55,-51.794,-118.189,33.3,57.1,1013.5,95.7,0.7,-8.6,-20.3,360,360,95,0,0,0,29,27,24,85,1,43.628440999999995
2022-01-31 12:47:00,-51.789,-117.68,33.4,57.2,1013.5,95.3,0.4,-8.7,-20,360,360,95,0,0,0,29,28,25,87,1,43.556441
2022-01-31 12:47:05,-51.781,-117.171,33.3,57.2,1013.5,95,0.5,-8.9,-19.7,360,360,95,0,0,0,29,27,24,88,1,43.41244136
2022-01-31 12:47:10,-51.771,-116.663,33.2,57.4,1013.6,94.6,0.6,-8.9,-19.5,360,360,94,0,0,0,29,28,24,85,1,42.51244136
2022-01-31 12:47:15,-51.759,-116.156,33.3,57.1,1013.5,94.3,0.5,-8.7,-19.6,360,360,94,0,0,0,29,28,24,87,1,41.1804419
2022-01-31 12:47:20,-51.744,-115.648,33.2,57.2,1013.5,94,0.6,-8.6,-19.6,360,360,94,0,0,0,29,27,24,85,1,40.478441000000004
2022-01-31 12:47:25,-51.727,-115.14,33.3,57.1,1013.5,93.6,0.8,-8.6,-18.9,360,360,93,0,0,0,29,28,25,87,1,39.23644208
2022-01-31 12:47:30,-51.708,-114.633,33.2,57.1,1013.5,93.2,0.9,-8.4,-18.8,360,360,93,0,0,0,29,28,24,87,1,39.59644172
2022-01-31 12:47:36,-51.686,-114.127,33.2,57,1013.5,92.9,0.9,-8.5,-18.3,360,360,93,0,0,0,29,28,24,87,1,40.6584419
2022-01-31 12:47:41,-51.662,-113.621,33.3,57.2,1013.5,92.5,0.9,-8.5,-18.2,360,360,92,0,0,0,29,27,24,84,1,40.2084419
2022-01-31 12:47:46,-51.635,-113.117,33.3,57.5,1013.5,92.1,1.1,-8.7,-18.6,360,360,92,0,0,0,29,28,24,85,1,39.65044208
2022-01-31 12:47:51,-51.606,-112.612,33.2,57.1,1013.5,91.8,0.6,-8.8,-18.7,360,360,92,0,0,0,29,28,24,86,1,39.52444172
2022-01-31 12:47:56,-51.575,-112.108,33.3,57.1,1013.5,91.5,0.9,-8.6,-18.7,360,360,91,0,0,0,29,28,24,86,1,37.79644172
2022-01-31 12:48:01,-51.541,-111.604,33.3,57.1,1013.5,91.2,1,-8.6,-18.9,360,360,91,0,0,0,30,29,25,88,1,36.75244172
2022-01-31 12:48:06,-51.505,-111.103,33.3,56.8,1013.6,90.9,1,-8.6,-18.8,360,360,91,0,0,0,29,28,24,85,1,36.050442079999996
2022-01-31 12:48:11,-51.467,-110.601,33.2,56.3,1013.5,90.6,0.8,-8.4,-18.7,360,360,91,0,0,0,29,27,24,85,1,35.27644172
2022-01-31 12:48:17,-51.426,-110.1,33.3,56.9,1013.5,90.4,1.2,-8.4,-18.6,360,360,90,0,0,0,29,28,24,87,1,35.25844172
2022-01-31 12:48:22,-51.383,-109.6,33.3,57.1,1013.6,90.1,0.7,-8.7,-18.2,360,360,90,0,0,0,29,27,24,85,1,35.726441539999996
2022-01-31 12:48:27,-51.338,-109.102,33.3,57.1,1013.6,89.9,0.9,-8.6,-17.9,360,360,90,0,0,0,29,28,24,86,1,35.42044172
2022-01-31 12:48:32,-51.291,-108.605,33.3,57.2,1013.6,89.6,1.1,-8.7,-17.9,360,360,89,0,0,0,29,28,24,85,1,36.30244172
2022-01-31 12:48:37,-51.241,-108.108,33.3,57.1,1013.5,89.3,1.2,-8.5,-17.8,360,360,89,0,0,0,29,28,24,86,1,38.300442079999996
2022-01-31 12:48:42,-51.189,-107.613,33.4,57.1,1013.5,89,1.2,-8.4,-18.1,360,360,89,0,0,0,29,27,24,84,1,40.46044172
2022-01-31 12:48:47,-51.134,-107.119,33.2,59.6,1013.5,88.8,1,-8.6,-17.9,360,360,89,0,0,0,29,28,24,86,1,42.26044172
2022-01-31 12:48:52,-51.078,-106.626,33.2,57.1,1013.5,88.6,0.8,-8.5,-17.8,360,360,88,0,0,0,29,27,24,85,1,43.12444172
2022-01-31 12:48:57,-51.019,-106.134,33.2,57.1,1013.5,88.4,0.8,-8.6,-17.9,360,360,88,0,0,0,29,27,24,84,1,43.934441
2022-01-31 12:49:03,-50.958,-105.644,33.3,56.9,1013.6,88.2,1,-8.4,-17.3,360,360,88,0,0,0,29,27,24,84,1,44.3664419
2022-01-31 12:49:08,-50.894,-105.156,33.2,56.8,1013.6,87.9,1.7,-8.7,-17,360,360,88,0,0,0,29,27,25,85,1,43.26844154
2022-01-31 12:49:13,-50.829,-104.667,33.4,56.8,1013.5,87.6,1.5,-8.7,-16.7,360,360,87,0,0,0,29,28,24,86,1,40.3164419
2022-01-31 12:49:18,-50.761,-104.181,33.3,56.8,1013.6,87.3,1.2,-8.5,-16.9,360,360,87,0,0,0,29,27,24,85,1,37.70644136
2022-01-31 12:49:23,-50.691,-103.696,33.3,57,1013.6,87.1,1.5,-8.5,-17.1,360,360,87,0,0,0,29,28,24,85,1,34.86244172
2022-01-31 12:49:28,-50.619,-103.213,33.3,56.9,1013.5,86.8,1.5,-8.3,-17.1,360,360,87,0,0,0,29,28,24,87,1,34.57444172
2022-01-31 12:49:33,-50.544,-102.731,33.4,58,1013.6,86.6,1.3,-8.1,-16.8,360,360,86,0,0,0,29,27,24,85,1,33.33244172
2022-01-31 12:49:38,-50.468,-102.25,33.4,57,1013.6,86.3,1.5,-7.9,-16.9,360,360,86,0,0,0,30,29,25,88,1,31.694441684
2022-01-31 12:49:44,-50.389,-101.772,33.2,57,1013.5,86.1,0.9,-8.3,-16.6,360,360,86,0,0,0,29,28,24,86,1,31.06444163
2022-01-31 12:49:49,-50.308,-101.296,33.3,57,1013.6,85.9,1.7,-8.4,-16.7,360,360,86,0,0,0,29,28,24,86,1,29.94844154
2022-01-31 12:49:54,-50.225,-100.821,33.2,56.9,1013.6,85.6,1.6,-8.5,-16.7,360,360,86,0,0,0,29,28,24,85,1,29.66044172
2022-01-31 12:49:59,-50.14,-100.348,33.3,57,1013.6,85.4,1.6,-8.7,-16.7,360,360,85,0,0,0,29,27,24,84,1,29.76844172
2022-01-31 12:50:04,-50.053,-99.877,33.3,57,1013.6,85.2,1.4,-8.3,-17,360,360,85,0,0,0,29,28,24,86,1,29.7504419
2022-01-31 12:50:09,-49.964,-99.407,33.3,57,1013.6,85,1.5,-8.4,-16.2,360,360,85,0,0,0,29,27,24,84,1,29.93044172
2022-01-31 12:50:14,-49.872,-98.939,33.3,57.1,1013.6,84.8,1.5,-8.7,-16.6,360,360,85,0,0,0,29,28,24,86,1,29.89444172
2022-01-31 12:50:19,-49.779,-98.472,33.2,57.1,1013.6,84.5,2,-8.5,-16.1,360,360,84,0,0,0,30,28,25,87,1,30.03844172
2022-01-31 12:50:24,-49.683,-98.007,33.3,57.1,1013.6,84.2,1.8,-8.6,-16.2,360,360,84,0,0,0,29,27,25,85,1,29.7504419
2022-01-31 12:50:30,-49.586,-97.545,33.2,57.1,1013.6,84,1.6,-8.8,-16.4,360,360,84,0,0,0,29,28,24,85,1,30.05644172
2022-01-31 12:50:35,-49.486,-97.085,33.2,57,1013.6,83.8,1.7,-8.7,-16.2,360,360,84,0,0,0,29,28,24,86,1,32.75644172
2022-01-31 12:50:40,-49.385,-96.627,33.2,57,1013.6,83.6,1.5,-9,-16,360,360,84,0,0,0,29,27,24,88,1,34.57444172
2022-01-31 12:50:45,-49.282,-96.171,33.3,56.9,1013.6,83.5,1.6,-9.1,-16.1,360,360,83,0,0,0,29,28,24,86,1,36.1224419
2022-01-31 12:50:50,-49.176,-95.716,33.2,56.9,1013.6,83.4,1.5,-9.2,-15.3,360,360,83,0,0,0,29,28,24,85,1,37.88644208
2022-01-31 12:50:55,-49.069,-95.264,33.3,57,1013.6,83.3,1.3,-9.3,-15.5,360,360,83,0,0,0,29,27,24,84,1,39.848441
2022-01-31 12:51:00,-48.959,-94.813,33.3,57.1,1013.6,83.2,1.2,-9.3,-15.6,360,360,83,0,0,0,30,28,25,87,1,41.198441
2022-01-31 12:51:05,-48.848,-94.364,33.4,56.7,1013.6,83.2,1.5,-9.1,-15.7,360,360,83,0,0,0,29,27,24,84,1,41.61244136
2022-01-31 12:51:11,-48.735,-93.918,33.1,56.8,1013.6,83,1.6,-9,-15.4,360,360,83,0,0,0,29,28,24,85,1,40.298441
2022-01-31 12:51:16,-48.62,-93.475,33.4,57.2,1013.6,82.9,1.7,-9,-15.7,360,360,83,0,0,0,30,29,25,85,1,36.44644172
2022-01-31 12:51:21,-48.503,-93.033,33.3,57.1,1013.6,82.7,2.2,-9,-15.2,360,360,83,0,0,0,30,28,25,87,1,34.80844172
2022-01-31 12:51:26,-48.384,-92.593,33.2,56.8,1013.6,82.5,1.5,-8.9,-15.1,360,360,82,0,0,0,30,27,24,88,1,34.4124419
2022-01-31 12:51:31,-48.264,-92.155,33.3,57.1,1013.6,82.4,1.6,-8.8,-15.2,360,360,82,0,0,0,29,28,24,84,1,33.09844172
2022-01-31 12:51:36,-48.141,-91.72,33.3,57,1013.6,82.3,1.5,-9.1,-15.1,360,360,82,0,0,0,29,28,24,87,1,32.0544417614
2022-01-31 12:51:41,-48.017,-91.288,33.3,56.8,1013.6,82.2,1.6,-9.1,-15.5,360,360,82,0,0,0,29,27,25,85,1,31.694441684
2022-01-31 12:51:46,-47.891,-90.856,33.3,57,1013.6,82.2,1.4,-9.3,-15.2,360,360,82,0,0,0,29,28,24,86,1,31.460441684
2022-01-31 12:51:51,-47.764,-90.428,33.3,57,1013.6,82.1,1.4,-9.4,-15.2,360,360,82,0,0,0,29,28,25,87,1,31.33444172
2022-01-31 12:51:57,-47.634,-90.001,33.3,57,1013.6,82.1,1.2,-9.2,-14.8,360,360,82,0,0,0,29,28,24,85,1,31.33444172
2022-01-31 12:52:02,-47.503,-89.576,33.4,56.8,1013.6,82.1,1.5,-9,-14.7,360,360,82,0,0,0,29,28,24,86,1,31.06444163
2022-01-31 12:52:07,-47.37,-89.154,33.3,57.2,1013.6,82.1,1.3,-9.4,-14.4,360,360,82,0,0,0,29,28,24,86,1,31.06444163
2022-01-31 12:52:12,-47.235,-88.735,33.3,56.8,1013.6,82.1,1.1,-9.5,-14.7,360,360,82,0,0,0,29,28,24,85,1,31.51444172
2022-01-31 12:52:17,-47.099,-88.317,33.3,57,1013.6,82.1,1.4,-9.4,-14.5,360,360,82,0,0,0,30,28,24,87,1,34.19644172
2022-01-31 12:52:22,-46.96,-87.901,33.3,56.8,1013.6,82.1,1.3,-9.1,-14.4,360,360,82,0,0,0,29,28,24,86,1,33.80044154
2022-01-31 12:52:27,-46.821,-87.487,33.4,57,1013.6,82,1.8,-9.2,-14.3,360,360,82,0,0,0,29,27,24,85,1,31.928441774
2022-01-31 12:52:32,-46.679,-87.076,33.3,57.2,1013.6,81.9,1.8,-9,-14.2,360,360,82,0,0,0,29,27,24,85,1,31.838441756
2022-01-31 12:52:38,-46.536,-86.667,33.1,56.9,1013.6,81.7,2,-9.2,-14.3,360,360,82,0,0,0,29,28,25,87,1,33.89044172
2022-01-31 12:52:43,-46.391,-86.26,33.2,56.8,1013.6,81.6,1.7,-9.6,-14,360,360,82,0,0,0,29,28,24,86,1,34.93444172
2022-01-31 12:52:48,-46.245,-85.856,33.3,57.1,1013.6,81.5,1.7,-9.7,-13.6,360,360,82,0,0,0,29,28,24,86,1,35.51044172
2022-01-31 12:52:53,-46.097,-85.454,33.2,57.1,1013.6,81.5,1.8,-9.6,-13.8,360,360,81,0,0,0,29,28,24,86,1,36.24844136
2022-01-31 12:52:58,-45.948,-85.054,33.3,56.9,1013.6,81.5,1.1,-9.4,-14.5,360,360,82,0,0,0,29,28,24,85,1,36.93244154
2022-01-31 12:53:03,-45.797,-84.657,33.3,57,1013.6,81.5,1.3,-9.3,-14.4,360,360,82,0,0,0,29,28,24,86,1,37.63444136
2022-01-31 12:53:08,-45.644,-84.262,33.2,56.9,1013.6,81.5,1.5,-9.3,-14.5,360,360,82,0,0,0,29,27,24,85,1,37.65244172
2022-01-31 12:53:13,-45.49,-83.869,33.3,57,1013.6,81.5,1.8,-9.5,-14.5,360,360,81,0,0,0,29,27,24,85,1,37.56244136
2022-01-31 12:53:18,-45.335,-83.478,33.3,56.9,1013.6,81.4,1.8,-9.5,-14.1,360,360,81,0,0,0,30,28,25,88,1,36.50044208
2022-01-31 12:53:24,-45.178,-83.09,33.2,57.2,1013.6,81.3,1.8,-9.6,-14.1,360,360,81,0,0,0,29,28,24,86,1,37.4724419
2022-01-31 12:53:29,-45.02,-82.704,33.3,56.9,1013.6,81.2,1.8,-9.7,-13.8,360,360,81,0,0,0,29,27,24,84,1,36.62644154
2022-01-31 12:53:34,-44.86,-82.32,33.3,57,1013.6,81.1,1.8,-10,-13.7,360,360,81,0,0,0,30,28,25,87,1,35.34844154
2022-01-31 12:53:39,-44.699,-81.939,33.3,57,1013.6,81.1,1.2,-10.1,-13.8,360,360,81,0,0,0,29,27,24,85,1,34.61044172
2022-01-31 12:53:44,-44.536,-81.56,33.3,57.1,1013.6,81.2,0.8,-10.5,-14.3,360,360,81,0,0,0,29,28,24,86,1,34.61044172
2022-01-31 12:53:49,-44.372,-81.183,33.3,56.8,1013.6,81.3,1.3,-10.1,-14.2,360,360,81,0,0,0,29,27,24,84,1,33.02644172
2022-01-31 12:53:54,-44.207,-80.808,33.3,56.7,1013.5,81.4,1.6,-9.6,-14.3,360,360,81,0,0,0,29,28,24,86,1,32.306441738
2022-01-31 12:53:59,-44.041,-80.436,33.3,56.5,1013.6,81.3,1.7,-9.4,-14,360,360,81,0,0,0,29,27,24,84,1,31.9644417398
2022-01-31 12:54:04,-43.872,-80.065,33.3,57.1,1013.6,81.2,1.9,-9.5,-14,360,360,81,0,0,0,29,27,24,85,1,31.262441774
2022-01-31 12:54:10,-43.702,-79.696,33.3,57,1013.6,81.1,1.8,-9.5,-14.3,360,360,81,0,0,0,30,29,25,88,1,31.856441738
2022-01-31 12:54:15,-43.532,-79.33,33.3,57,1013.6,81.1,1.6,-9.6,-14,360,360,81,0,0,0,30,28,25,88,1,32.70244172
2022-01-31 12:54:20,-43.36,-78.967,33.4,57.2,1013.6,81,1.6,-9.7,-13.8,360,360,81,0,0,0,29,27,25,85,1,33.09844172
2022-01-31 12:54:25,-43.186,-78.604,33.3,57.2,1013.6,81,1.9,-9.8,-13.7,360,360,81,0,0,0,29,27,24,85,1,33.49444172
2022-01-31 12:54:30,-43.011,-78.244,33.3,56.9,1013.6,80.9,2.2,-9.6,-13.6,360,360,81,0,0,0,29,28,24,85,1,33.36844172
2022-01-31 12:54:35,-42.835,-77.887,33.3,57,1013.6,80.7,2.1,-9.6,-13.8,360,360,81,0,0,0,29,28,24,86,1,34.17844172
2022-01-31 12:54:40,-42.658,-77.532,33.3,56.7,1013.6,80.6,2,-9.8,-14.3,360,360,81,0,0,0,29,28,24,86,1,35.42044172
2022-01-31 12:54:45,-42.479,-77.178,33.2,56.8,1013.6,80.5,1.9,-10,-14.1,360,360,81,0,0,0,29,28,25,87,1,36.95044208
2022-01-31 12:54:51,-42.299,-76.827,33.4,57,1013.5,80.5,2,-9.9,-14.3,360,360,80,0,0,0,29,28,24,86,1,38.91244136
2022-01-31 12:54:56,-42.118,-76.478,33.3,57.1,1013.5,80.4,2,-9.6,-14.1,360,360,80,0,0,0,29,28,24,86,1,41.16244136
2022-01-31 12:55:01,-41.936,-76.131,33.3,56.9,1013.5,80.3,1.9,-9.7,-13.6,360,360,80,0,0,0,29,27,24,87,1,42.620441
2022-01-31 12:55:06,-41.752,-75.786,33.2,56.8,1013.6,80.2,2,-9.8,-13.5,360,360,80,0,0,0,29,27,24,87,1,43.556441
2022-01-31 12:55:11,-41.568,-75.444,33.3,56.9,1013.6,80.2,2.1,-9.8,-13.7,360,360,80,0,0,0,29,27,24,85,1,44.114441
2022-01-31 12:55:16,-41.383,-75.103,33.3,57.1,1013.6,80,2.4,-10,-13.6,360,360,80,0,0,0,29,27,24,85,1,43.8444419
2022-01-31 12:55:21,-41.196,-74.764,33.3,56.8,1013.6,79.9,2.1,-9.8,-13.8,360,360,80,0,0,0,30,28,25,87,1,42.15244172
2022-01-31 12:55:26,-41.008,-74.428,33.2,57,1013.6,79.9,1.9,-9.9,-14.1,360,360,80,0,0,0,29,28,24,85,1,41.36044172
2022-01-31 12:55:31,-40.819,-74.093,33.3,56.8,1013.6,79.8,2,-9.9,-14.2,360,360,80,0,0,0,29,27,24,86,1,41.342441
2022-01-31 12:55:37,-40.629,-73.76,33.3,57.1,1013.6,79.7,2.3,-10.1,-14.1,360,360,80,0,0,0,30,28,25,85,1,41.684441
2022-01-31 12:55:42,-40.438,-73.43,33.3,57,1013.6,79.6,2.5,-10.2,-13.5,360,360,80,0,0,0,30,28,25,85,1,40.42444172
2022-01-31 12:55:47,-40.245,-73.102,33.4,56.2,1013.6,79.5,2.3,-10.2,-13.2,360,360,79,0,0,0,29,28,24,87,1,40.87444172
2022-01-31 12:55:52,-40.052,-72.775,33.3,56.7,1013.6,79.4,2.2,-9.9,-13.6,360,360,79,0,0,0,30,28,25,88,1,42.9804419
2022-01-31 12:55:57,-39.857,-72.45,33.3,56.9,1013.6,79.3,2.3,-9.5,-13.9,360,360,79,0,0,0,29,28,24,87,1,42.998441
2022-01-31 12:56:02,-39.662,-72.127,33.3,56.8,1013.6,79.2,2.2,-9.8,-13.8,360,360,79,0,0,0,29,28,24,85,1,42.836441
2022-01-31 12:56:07,-39.466,-71.807,33.4,57,1013.6,79.1,2.6,-9.9,-14,360,360,79,0,0,0,29,27,24,85,1,43.232441539999996
2022-01-31 12:56:12,-39.268,-71.488,33.3,56.9,1013.6,79,2.6,-10.1,-13.7,360,360,79,0,0,0,29,27,25,84,1,42.836441
2022-01-31 12:56:18,-39.069,-71.17,33.3,57,1013.6,78.8,2.5,-10.4,-13.5,360,360,79,0,0,0,29,28,24,87,1,42.5304419
2022-01-31 12:56:23,-38.87,-70.856,33.3,57,1013.6,78.8,2.5,-10.5,-13.8,360,360,79,0,0,0,29,28,24,86,1,42.40444154
2022-01-31 12:56:28,-38.669,-70.542,33.4,56.9,1013.6,78.7,2.4,-10.7,-13.8,360,360,79,0,0,0,29,27,24,84,1,41.91844154
2022-01-31 12:56:33,-38.468,-70.231,33.3,56.9,1013.6,78.6,2.6,-10.7,-14.1,360,360,79,0,0,0,29,27,24,84,1,41.81044172
2022-01-31 12:56:38,-38.266,-69.921,33.4,57,1013.6,78.5,2.6,-10.7,-14.1,360,360,78,0,0,0,29,28,24,87,1,41.342441
2022-01-31 12:56:43,-38.063,-69.614,33.4,57,1013.6,78.4,2.9,-10.4,-14.3,360,360,78,0,0,0,30,28,25,87,1,41.306441
2022-01-31 12:56:48,-37.858,-69.308,33.3,56.7,1013.6,78.2,3.1,-10.2,-14.2,360,360,78,0,0,0,29,28,24,85,1,41.378440999999995
2022-01-31 12:56:53,-37.653,-69.004,33.4,56.9,1013.6,78,2.8,-10.1,-13.8,360,360,78,0,0,0,29,28,24,85,1,42.33244154
2022-01-31 12:56:58,-37.447,-68.701,33.3,56.9,1013.6,77.9,2.8,-10.3,-13.8,360,360,78,0,0,0,29,28,24,87,1,42.9444419
2022-01-31 12:57:04,-37.24,-68.401,33.3,56.8,1013.6,77.8,2.6,-10.3,-13.8,360,360,78,0,0,0,29,27,24,85,1,43.50244172
2022-01-31 12:57:09,-37.033,-68.102,33.4,57,1013.6,77.7,2.7,-10.7,-13.6,360,360,78,0,0,0,30,29,25,88,1,43.628440999999995
2022-01-31 12:57:14,-36.824,-67.805,33.4,56.9,1013.6,77.6,2.9,-10.4,-13.4,360,360,78,0,0,0,29,28,24,86,1,43.50244172
2022-01-31 12:57:19,-36.614,-67.51,33.3,56.8,1013.6,77.5,2.7,-10.5,-14.1,360,360,77,0,0,0,29,27,24,85,1,43.16044172
2022-01-31 12:57:24,-36.404,-67.216,33.3,56.8,1013.6,77.4,2.9,-10.8,-14,360,360,77,0,0,0,29,27,24,84,1,42.5664419
2022-01-31 12:57:29,-36.192,-66.924,33.3,57,1013.6,77.3,2.9,-10.7,-14.1,360,360,77,0,0,0,29,28,24,86,1,41.936441
2022-01-31 12:57:34,-35.98,-66.634,33.3,56.6,1013.6,77.2,2.9,-10.7,-13.5,360,360,77,0,-0.1,0,29,27,25,85,1,40.6584419
2022-01-31 12:57:39,-35.768,-66.345,33.4,56.9,1013.6,77.1,3.1,-10.7,-13.7,360,360,77,0,0,0,29,27,24,86,1,39.99244208
2022-01-31 12:57:44,-35.554,-66.059,33.3,57,1013.6,77,3.1,-10.4,-14,360,360,77,0,0,0,29,27,24,84,1,39.21844154
2022-01-31 12:57:50,-35.34,-65.774,33.3,56.8,1013.6,76.8,3.4,-10.4,-13.9,360,360,77,0,0,0,29,27,24,84,1,39.884441
2022-01-31 12:57:55,-35.125,-65.49,33.3,56.8,1013.6,76.6,3.4,-10.6,-13.3,360,360,76,0,0,0,30,28,25,87,1,40.2444419
2022-01-31 12:58:00,-34.909,-65.208,33.3,56.9,1013.6,76.4,3.5,-10.2,-13.1,360,360,76,0,0,0,30,28,25,88,1,40.298441
2022-01-31 12:58:05,-34.692,-64.927,33.3,56.9,1013.6,76.2,3.4,-10.5,-13.9,360,360,76,0,0,0,29,28,25,87,1,39.884441
2022-01-31 12:58:10,-34.475,-64.648,33.3,56.7,1013.6,76,3.7,-11,-14.2,360,360,76,0,0,0,29,28,24,85,1,38.33644208
2022-01-31 12:58:15,-34.256,-64.371,33.3,56.6,1013.6,75.8,3.8,-10.1,-14,360,360,76,0,0,0,29,27,24,85,1,37.59844136
2022-01-31 12:58:20,-34.037,-64.094,33.4,56.9,1013.6,75.5,4,-10.3,-14,360,360,75,0,0,0,29,28,24,86,1,37.14844136
2022-01-31 12:58:25,-33.817,-63.82,33.3,56.8,1013.6,75.3,3.9,-10.5,-13.8,360,360,75,0,0,0,29,28,24,86,1,37.5084419
2022-01-31 12:58:31,-33.597,-63.547,33.3,56.9,1013.6,75,4,-10.6,-14,360,360,75,0,0,0,29,27,24,85,1,37.40044208
2022-01-31 12:58:36,-33.375,-63.275,33.3,56.9,1013.6,74.8,4.4,-10.5,-13.7,360,360,75,0,0,0,29,28,25,84,1,38.0304419
2022-01-31 12:58:41,-33.153,-63.005,33.4,56.8,1013.6,74.5,4.4,-10.7,-13.7,360,360,74,0,0,0,29,28,24,86,1,39.07444172
2022-01-31 12:58:46,-32.931,-62.737,33.3,56.9,1013.6,74.2,4.3,-10.4,-13.8,360,360,74,0,0,0,29,27,24,85,1,40.13644208
2022-01-31 12:58:51,-32.708,-62.47,33.2,56.9,1013.6,74,4.3,-9.7,-13.8,360,360,74,0,0,0,29,27,24,84,1,41.6304419
2022-01-31 12:58:56,-32.483,-62.204,33.3,56.7,1013.6,73.7,4.3,-10.7,-13.7,360,360,74,0,0,0,29,27,24,85,1,42.1164419
2022-01-31 12:59:01,-32.259,-61.94,33.3,57,1013.6,73.5,4.3,-10.7,-13.4,360,360,73,0,0,0,30,28,25,88,1,43.71844154
2022-01-31 12:59:06,-32.034,-61.677,33.3,56.8,1013.6,73.3,4.3,-10.9,-13.4,360,360,73,0,0,0,29,28,24,86,1,43.898441
2022-01-31 12:59:11,-31.808,-61.416,33.4,57,1013.6,73.1,4.5,-11.2,-13.6,360,360,73,0,0,0,29,27,24,84,1,44.600441000000004
2022-01-31 12:59:17,-31.582,-61.156,33.4,56.8,1013.6,72.9,4.5,-11,-13.4,360,360,73,0,0,0,30,27,24,88,1,44.47444172
2022-01-31 12:59:22,-31.354,-60.897,33.2,56.8,1013.6,72.6,4.9,-10.8,-13,360,360,72,0,0,0,29,27,24,84,1,43.592441
2022-01-31 12:59:27,-31.126,-60.639,33.4,57,1013.5,72.3,5,-10.7,-13.3,360,360,72,0,0,0,29,28,24,85,1,40.3164419
2022-01-31 12:59:32,-30.899,-60.384,33.4,56.7,1013.6,72.1,4.7,-10.8,-13.3,360,360,72,0,0,0,29,28,24,86,1,38.8584419
2022-01-31 12:59:37,-30.67,-60.13,33.4,56.7,1013.6,71.9,4.7,-10.8,-13.5,360,360,72,0,0,0,30,29,25,89,1,37.79644172
2022-01-31 12:59:42,-30.44,-59.876,33.3,56.8,1013.6,71.6,4.8,-10.5,-13.2,360,360,72,0,0,0,29,27,24,84,1,37.04044154
2022-01-31 12:59:47,-30.21,-59.624,33.3,56.8,1013.6,71.4,5,-10.9,-13.1,360,360,71,0,0,0,30,28,25,87,1,37.022441900000004
2022-01-31 12:59:52,-29.98,-59.374,33.3,56.9,1013.6,71.1,5.1,-10.8,-13.4,360,360,71,0,0,0,29,28,24,85,1,37.65244172
2022-01-31 12:59:58,-29.749,-59.124,33.3,56.8,1013.6,70.9,5,-10.8,-13.2,360,360,71,0,0,0,30,29,25,88,1,34.48444172
2022-01-31 13:00:03,-29.517,-58.875,33.5,57,1013.6,70.7,5.1,-10.8,-13.2,360,360,71,0,0,0,29,28,24,87,1,33.9984419
2022-01-31 13:00:08,-29.284,-58.628,33.4,56.8,1013.6,70.4,5,-10.9,-13.1,360,360,70,0,0,0,29,27,24,87,1,33.11644172
2022-01-31 13:00:13,-29.052,-58.383,33.3,57.3,1013.6,70.2,5.2,-10.9,-13.3,360,360,70,0,0,0,29,27,24,85,1,31.910441684
2022-01-31 13:00:18,-28.818,-58.138,33.4,57,1013.6,70,5.6,-10.9,-12.9,360,360,70,0,0,0,29,28,25,87,1,31.046441648
2022-01-31 13:00:23,-28.584,-57.894,33.3,57.2,1013.6,69.7,5.8,-11.2,-13.2,360,360,70,0,0,0,29,28,24,86,1,31.20844172
2022-01-31 13:00:28,-28.35,-57.652,33.4,56.8,1013.6,69.4,5.8,-11,-12.8,360,360,69,0,0,0,29,28,24,85,1,31.244441684
2022-01-31 13:00:33,-28.115,-57.411,33.3,56.8,1013.6,69.1,5.8,-10.8,-13.4,360,360,69,0,0,0,29,27,24,85,1,31.01044172
2022-01-31 13:00:38,-27.88,-57.171,33.3,56.9,1013.6,68.8,6,-10.7,-13.3,360,360,69,0,0,0,29,27,24,84,1,30.93844172
2022-01-31 13:00:44,-27.643,-56.932,33.3,56.7,1013.6,68.5,6.2,-10.5,-13.2,360,360,68,0,0,0,29,27,24,84,1,31.9464417578
2022-01-31 13:00:49,-27.407,-56.694,33.3,57,1013.6,68.1,6.4,-10.9,-13.5,360,360,68,0,0,0,29,27,24,85,1,33.47644172
2022-01-31 13:00:54,-27.17,-56.457,33.3,57,1013.6,67.8,6.5,-11.1,-13.8,360,360,68,0,0,0,29,28,24,86,1,35.5824419
2022-01-31 13:00:59,-26.933,-56.222,33.3,56.1,1013.6,67.4,6.4,-11.1,-14.1,360,360,67,0,0,0,29,27,24,84,1,38.10244172
2022-01-31 13:01:04,-26.695,-55.987,33.3,56.7,1013.6,67.1,6.3,-10.9,-13.4,360,360,67,0,0,0,29,28,25,86,1,39.7944419
2022-01-31 13:01:09,-26.456,-55.754,33.3,57,1013.6,66.8,6.6,-10.9,-13.4,360,360,67,0,0,0,29,28,24,86,1,40.946441719999996
2022-01-31 13:01:14,-26.217,-55.521,33.3,56.8,1013.6,66.5,6.9,-11,-13.7,360,360,66,0,0,0,29,28,24,86,1,42.1164419
2022-01-31 13:01:19,-25.978,-55.29,33.3,57.1,1013.6,66.2,7,-10.9,-13.8,360,360,66,0,0,0,29,27,24,85,1,42.63844172
2022-01-31 13:01:24,-25.738,-55.059,33.4,56.8,1013.6,65.8,7.1,-10.7,-13.7,360,360,66,0,0,0,30,28,24,87,1,42.350441000000004
2022-01-31 13:01:30,-25.498,-54.83,33.3,57,1013.6,65.4,7.3,-10.2,-13.8,360,360,65,0,0,0,30,28,25,87,1,41.234441000000004
2022-01-31 13:01:35,-25.257,-54.601,33.3,57.1,1013.6,65,7,-10.4,-13.5,360,360,65,0,0,0,30,28,25,88,1,41.12644154
2022-01-31 13:01:40,-25.016,-54.374,33.3,56.8,1013.6,64.6,7.6,-10.6,-13.7,360,360,64,0,0,0,29,28,24,85,1,41.036440999999996
2022-01-31 13:01:45,-24.775,-54.147,33.3,57,1013.6,64.2,7.5,-10.9,-13.8,360,360,64,0,0,0,30,28,25,88,1,40.334441
2022-01-31 13:01:50,-24.533,-53.922,33.4,56.8,1013.6,63.9,7.5,-10.7,-13.9,360,360,64,0,0,0,29,28,24,86,1,40.19044154
2022-01-31 13:01:55,-24.29,-53.697,33.3,56.8,1013.6,63.5,7.7,-10.7,-13.3,360,360,63,0,0,0,29,27,24,84,1,40.748441
2022-01-31 13:02:00,-24.048,-53.473,33.3,56.8,1013.6,63.1,8,-10.8,-13.3,360,360,63,0,0,0,29,28,24,87,1,42.44044154
2022-01-31 13:02:05,-23.805,-53.251,33.4,57.2,1013.6,62.7,8.2,-10.7,-13.2,360,360,63,0,0,0,29,28,24,86,1,42.5664419
2022-01-31 13:02:10,-23.561,-53.028,33.3,56.6,1013.6,62.3,8.3,-10.4,-13.1,360,360,62,0,0,0,29,28,24,85,1,42.63844172
2022-01-31 13:02:16,-23.316,-52.807,33.4,56.9,1013.6,61.9,8.2,-10.3,-13.3,360,360,62,0,0,0,29,28,24,84,1,42.26044172
2022-01-31 13:02:21,-23.072,-52.587,33.3,56.9,1013.6,61.5,8.3,-10.5,-13,360,360,61,0,0,0,29,28,24,85,1,43.106441000000004
2022-01-31 13:02:26,-22.827,-52.368,33.3,57,1013.6,61.1,8.5,-10.4,-12.9,360,360,61,0,0,0,29,27,24,85,1,43.79044154
2022-01-31 13:02:31,-22.582,-52.149,33.4,56.9,1013.7,60.7,8.5,-10.3,-13.4,360,360,60,0,0,0,29,28,24,86,1,43.214441
2022-01-31 13:02:36,-22.337,-51.932,33.3,56.5,1013.6,60.3,8.5,-10.3,-13.4,360,360,60,0,0,0,29,27,24,85,1,42.548441
2022-01-31 13:02:41,-22.09,-51.715,33.3,57,1013.6,59.9,8,-10.5,-13.2,360,360,60,0,0,0,29,28,24,86,1,42.620441
2022-01-31 13:02:46,-21.844,-51.499,33.3,56.9,1013.7,59.6,8.2,-10.4,-12.9,360,360,59,0,0,0,29,28,24,86,1,42.89044154
2022-01-31 13:02:51,-21.598,-51.284,33.3,57,1013.6,59.3,8.9,-10.4,-13.3,360,360,59,0,0,0,29,27,24,84,1,43.37644154
2022-01-31 13:02:56,-21.351,-51.07,33.3,56.8,1013.6,58.8,9.3,-10.5,-13.4,360,360,59,0,0,0,29,28,24,87,1,44.96044172
2022-01-31 13:03:02,-21.104,-50.856,33.4,56.9,1013.7,58.4,9.5,-9.7,-13.1,360,360,58,0,0,0,29,28,24,85,1,47.102441
2022-01-31 13:03:07,-20.856,-50.643,33.3,56.6,1013.7,57.9,9.4,-10.1,-12.7,360,360,58,0,0,0,29,28,24,86,1,49.280440999999996
2022-01-31 13:03:12,-20.608,-50.431,33.4,57.1,1013.6,57.5,9.5,-10.5,-13.1,360,360,57,0,0,0,29,27,24,85,1,51.656441
2022-01-31 13:03:17,-20.359,-50.219,33.4,56.7,1013.7,57.1,9.8,-10.6,-12.4,360,360,57,0,0,0,29,28,24,86,1,53.312441
2022-01-31 13:03:22,-20.11,-50.008,33.3,57.1,1013.7,56.7,9.9,-10.7,-12.4,360,360,57,0,0,0,29,28,24,86,1,53.924441
2022-01-31 13:03:27,-19.861,-49.798,33.4,57,1013.7,56.3,10.1,-10.5,-12.7,360,360,56,0,0,0,29,28,24,86,1,51.818441
2022-01-31 13:03:32,-19.612,-49.589,33.4,57,1013.6,55.9,10.3,-10.2,-12.9,360,360,56,0,0,0,29,28,24,85,1,47.8764428
2022-01-31 13:03:37,-19.363,-49.381,33.3,56.8,1013.6,55.4,10.7,-10.1,-12.9,360,360,55,0,0,0,29,28,24,85,1,46.0584419
2022-01-31 13:03:43,-19.113,-49.174,33.3,55.4,1013.6,55,10.8,-10.3,-13.3,360,360,55,0,0,0,29,28,24,86,1,45.050441
2022-01-31 13:03:48,-18.862,-48.966,33.4,56.7,1013.7,54.5,10.9,-10.6,-12.8,360,360,54,0,0,0,29,28,24,86,1,43.68244154
2022-01-31 13:03:53,-18.611,-48.759,33.2,56.7,1013.7,54.1,11.1,-10,-12.8,360,360,54,0,0,0,29,28,24,86,1,42.02644154
2022-01-31 13:03:58,-18.361,-48.553,33.4,56.6,1013.7,53.6,11.2,-10,-12.8,360,360,53,0,0,0,29,27,24,84,1,41.12644154
2022-01-31 13:04:03,-18.11,-48.348,33.3,56.7,1013.7,53.2,11.3,-10.1,-12.8,360,360,53,0,0,0,30,28,25,87,1,41.05444154
2022-01-31 13:04:08,-17.859,-48.144,33.3,56.9,1013.6,52.7,11.4,-10.3,-12.4,360,360,53,0,0,0,29,28,24,87,1,40.46044172
2022-01-31 13:04:13,-17.607,-47.94,33.2,57.2,1013.7,52.3,11.2,-10.5,-12.7,360,360,52,0,0,0,29,28,24,85,1,39.93844172
2022-01-31 13:04:18,-17.354,-47.737,33.3,57,1013.7,52,11.6,-10.5,-12.5,360,360,52,0,0,0,29,27,24,85,1,39.97444172
2022-01-31 13:04:23,-17.103,-47.534,33.4,56.6,1013.7,51.6,11.6,-10.3,-12.2,360,360,51,0,0,0,29,28,24,86,1,39.20044208
2022-01-31 13:04:29,-16.85,-47.332,33.3,57,1013.6,51.2,12.1,-10.1,-12,360,360,51,0,0,0,29,28,24,86,1,38.64244208
2022-01-31 13:04:34,-16.598,-47.131,33.3,57,1013.7,50.7,12.2,-10.4,-12,360,360,51,0,0,0,29,27,24,85,1,38.64244208
2022-01-31 13:04:39,-16.345,-46.93,33.4,57,1013.6,50.3,12.3,-10.2,-11.8,360,360,50,0,0,0,29,27,24,85,1,38.0304419
2022-01-31 13:04:44,-16.092,-46.73,33.3,56.7,1013.7,49.9,12.6,-9.9,-11.8,360,360,50,0,0,0,29,28,24,87,1,37.9584419
2022-01-31 13:04:49,-15.839,-46.53,33.4,56.8,1013.7,49.4,12.8,-10,-11.5,360,360,49,0,0,0,30,28,25,88,1,37.5084419
2022-01-31 13:04:54,-15.585,-46.331,33.4,56.9,1013.6,49,12.8,-10,-11.2,360,360,49,0,0,0,29,27,24,85,1,38.9664419
2022-01-31 13:04:59,-15.331,-46.132,33.3,56.8,1013.7,48.5,12.7,-9.6,-11.2,360,360,48,0,0,0,29,28,24,85,1,44.27644154
2022-01-31 13:05:04,-15.077,-45.934,33.4,56.9,1013.7,48.1,12.9,-9.6,-11.4,360,360,48,0,0,0,29,28,24,86,1,48.7584419
2022-01-31 13:05:10,-14.822,-45.736,33.2,56.9,1013.7,47.6,13,-9.7,-11.5,360,360,47,0,0,0,29,27,24,84,1,53.294441
2022-01-31 13:05:15,-14.567,-45.539,33.3,56.9,1013.7,47.2,13.2,-9.2,-11.5,360,360,47,0,0,0,30,28,25,85,1,56.390441
2022-01-31 13:05:20,-14.312,-45.342,33.3,56.8,1013.7,46.7,13.3,-9.3,-11.3,360,360,46,0,0,0,29,28,24,87,1,58.1364428
2022-01-31 13:05:25,-14.057,-45.146,33.3,56.9,1013.7,46.2,13.5,-9.3,-11.4,360,360,46,0,0,0,29,28,24,86,1,58.2984428
2022-01-31 13:05:30,-13.802,-44.95,33.4,56.7,1013.7,45.8,14,-9.3,-11,360,360,46,0,0,0,29,28,24,86,1,53.672441
2022-01-31 13:05:35,-13.546,-44.754,33.4,56.8,1013.7,45.3,14,-9.1,-10.4,360,360,45,0,0,0,29,28,24,85,1,45.536440999999996
2022-01-31 13:05:40,-13.29,-44.559,33.3,57,1013.7,44.8,14.1,-9.3,-10.6,360,360,45,0,0,0,29,28,24,86,1,43.898441
2022-01-31 13:05:45,-13.035,-44.365,33.3,56.8,1013.7,44.4,14.2,-9.5,-10.4,360,360,44,0,0,0,30,28,25,88,1,42.692441
2022-01-31 13:05:50,-12.779,-44.171,33.3,56.8,1013.7,43.9,14.5,-9.5,-10.7,360,360,44,0,0,0,29,27,24,85,1,41.2164419
2022-01-31 13:05:56,-12.523,-43.978,33.3,57,1013.7,43.5,14.8,-9.4,-10.5,360,360,43,0,0,0,29,27,24,84,1,40.3164419
2022-01-31 13:06:01,-12.267,-43.785,33.3,56.8,1013.7,43.1,15.4,-9.6,-10.2,360,360,43,0,0,0,29,28,24,86,1,39.02044136
2022-01-31 13:06:06,-12.011,-43.593,33.4,56.6,1013.7,42.6,14.7,-9.5,-9.9,360,360,42,0,0,0,30,28,24,87,1,39.02044136
2022-01-31 13:06:11,-11.754,-43.401,33.3,56.8,1013.7,42.2,15.1,-9.5,-9.7,360,360,42,0,0,0,30,28,25,87,1,38.28244154
2022-01-31 13:06:16,-11.497,-43.209,33.3,55.7,1013.7,41.8,15.5,-9.3,-9.8,360,360,42,0,0,0,29,27,24,85,1,38.15644136
2022-01-31 13:06:21,-11.24,-43.017,33.2,56.7,1013.7,41.4,15.7,-9.1,-10.3,360,360,41,0,0,0,29,28,25,87,1,37.5444419
2022-01-31 13:06:26,-10.983,-42.826,33.3,56.7,1013.7,40.9,15.5,-8.9,-10.1,360,360,41,0,0,0,29,28,24,86,1,38.300442079999996
2022-01-31 13:06:31,-10.725,-42.635,33.4,56.9,1013.7,40.5,15.9,-9.1,-9.9,360,360,40,0,0,0,29,27,24,84,1,38.94844136
2022-01-31 13:06:37,-10.468,-42.445,33.3,57,1013.7,40.1,16.3,-9,-9.6,360,360,40,0,0,0,29,28,24,87,1,39.09244208
2022-01-31 13:06:42,-10.21,-42.255,33.3,56.7,1013.7,39.6,16.5,-8.9,-9.1,360,360,39,0,0,0,29,27,25,85,1,39.54244208
2022-01-31 13:06:47,-9.952,-42.065,33.3,57.1,1013.7,39.2,16.5,-8.8,-9,360,360,39,0,0,0,29,28,24,86,1,40.46044172
2022-01-31 13:06:52,-9.694,-41.875,33.3,57.1,1013.7,38.8,16.7,-8.6,-8.5,360,360,39,0,0,0,29,27,24,84,1,40.604441539999996
2022-01-31 13:06:57,-9.436,-41.687,33.3,56.8,1013.7,38.3,17.2,-8.5,-8.4,360,360,38,0,0,0,29,27,24,85,1,43.034441
2022-01-31 13:07:02,-9.178,-41.498,33.3,56.8,1013.7,37.8,17.2,-8.7,-8.9,360,360,38,0,0,0,29,27,24,85,1,48.4704428
2022-01-31 13:07:07,-8.92,-41.31,33.2,56.9,1013.7,37.4,17.4,-8.7,-8.8,360,360,37,0,0,0,29,27,24,85,1,51.9984428
2022-01-31 13:07:12,-8.661,-41.121,33.2,56.8,1013.7,37,17.4,-8.5,-8.6,360,360,37,0,0,0,29,28,24,85,1,55.814442799999995
2022-01-31 13:07:17,-8.403,-40.933,33.3,57,1013.7,36.5,17.8,-8.4,-8.1,360,360,36,0,0,0,30,29,25,89,1,58.496441
2022-01-31 13:07:23,-8.144,-40.746,33.4,56.7,1013.7,36.1,18,-8.4,-7.5,360,360,36,0,0,0,29,27,24,84,1,59.738441
2022-01-31 13:07:28,-7.885,-40.558,33.3,56.9,1013.7,35.6,18.3,-8.2,-7.4,359,360,35,0,0,0,29,28,24,85,1,59.918441
2022-01-31 13:07:33,-7.626,-40.371,33.3,56.8,1013.7,35.2,18.3,-8.3,-7.5,360,360,35,0,0,0,29,28,24,86,1,59.216441
2022-01-31 13:07:38,-7.367,-40.184,33.3,56.8,1013.6,34.8,18.2,-8.1,-7.8,360,360,35,0,0,0,29,27,24,84,1,55.958441900000004
2022-01-31 13:07:43,-7.107,-39.997,33.3,56.7,1013.7,34.3,18.3,-8.1,-7.4,359,360,34,0,0,0,29,27,24,86,1,54.716441
2022-01-31 13:07:48,-6.848,-39.811,33.3,56.8,1013.6,33.9,18.3,-8.1,-7.3,359,360,34,0,0,0,29,28,25,85,1,53.168441
2022-01-31 13:07:53,-6.588,-39.625,33.4,56.9,1013.7,33.5,18.3,-7.9,-7.1,359,360,33,0,0,0,30,28,25,88,1,51.872441
2022-01-31 13:07:58,-6.329,-39.438,33.3,57,1013.6,33.1,18.3,-7.9,-7.2,359,360,33,0,0,0,29,28,24,85,1,50.8644428
2022-01-31 13:08:04,-6.069,-39.253,33.3,56.8,1013.7,32.7,18.7,-8,-6.8,359,360,33,0,0,0,29,27,24,85,1,49.262440999999995
2022-01-31 13:08:09,-5.809,-39.067,33.3,56.8,1013.7,32.4,18.9,-8.2,-6.7,359,360,32,0,0,0,29,27,24,84,1,49.244441
2022-01-31 13:08:14,-5.549,-38.881,33.3,56.7,1013.7,32,19,-7.8,-6.7,359,360,32,0,0,0,29,28,24,86,1,49.784441
2022-01-31 13:08:19,-5.29,-38.697,33.3,56.6,1013.7,31.6,19.2,-7.7,-6.4,359,360,31,0,0,0,29,27,24,85,1,50.054441000000004
2022-01-31 13:08:24,-5.03,-38.512,33.3,56.8,1013.7,31.2,19.5,-7.8,-6.4,359,360,31,0,0,0,29,27,24,85,1,50.0364428
2022-01-31 13:08:29,-4.771,-38.327,33.4,56.9,1013.7,30.9,19.5,-7.7,-6.3,359,360,31,0,0,0,29,28,24,86,1,48.7764428
2022-01-31 13:08:34,-4.511,-38.142,33.4,56.9,1013.7,30.5,20,-7.8,-6.2,359,360,30,0,0,0,29,28,24,86,1,47.696441
2022-01-31 13:08:39,-4.251,-37.958,33.2,56.8,1013.7,30.1,19.8,-7.2,-5.8,359,360,30,0,0,0,29,27,25,84,1,47.1204428
2022-01-31 13:08:44,-3.991,-37.774,33.4,56.7,1013.7,29.7,20,-7,-5.6,359,360,30,0,0,0,30,28,24,87,1,46.31044172
2022-01-31 13:08:50,-3.731,-37.59,33.3,56.9,1013.7,29.3,20,-7.3,-5.4,359,360,29,0,0,0,29,28,24,86,1,45.7164419
2022-01-31 13:08:55,-3.471,-37.406,33.2,56.7,1013.7,28.9,20.5,-7.2,-5.3,359,360,29,0,0,0,29,27,24,85,1,46.11244136
2022-01-31 13:09:00,-3.211,-37.221,33.3,56.7,1013.7,28.6,20.6,-7.2,-5,359,360,28,0,0,0,29,27,24,84,1,47.804441000000004
2022-01-31 13:09:05,-2.95,-37.037,33.3,56.8,1013.7,28.2,20.5,-7.4,-5.4,359,360,28,0,0,0,29,27,25,84,1,52.070442799999995
2022-01-31 13:09:10,-2.69,-36.853,33.3,56.8,1013.7,27.9,20.7,-7.1,-5.1,359,360,28,0,0,0,30,28,25,88,1,55.2924428
2022-01-31 13:09:15,-2.429,-36.669,33.3,56.9,1013.7,27.5,21,-7.3,-5.2,359,360,27,0,0,0,29,27,24,84,1,58.406441
2022-01-31 13:09:20,-2.169,-36.486,33.3,56.8,1013.7,27.2,21.1,-7.1,-5.1,359,360,27,0,0,0,30,27,24,88,1,59.882441
2022-01-31 13:09:25,-1.908,-36.302,33.3,57,1013.7,26.8,21.3,-6.8,-4.9,359,360,27,0,0,0,29,28,25,87,1,58.982441
2022-01-31 13:09:30,-1.647,-36.118,33.3,56.8,1013.7,26.5,21.5,-7.1,-4.5,359,360,26,0,0,0,29,28,24,86,1,57.290441
2022-01-31 13:09:36,-1.386,-35.934,33.3,56.6,1013.7,26.2,21.5,-7.4,-3.8,359,360,26,0,0,0,29,28,24,85,1,56.9484428
2022-01-31 13:09:41,-1.126,-35.751,33.4,56.7,1013.7,25.9,21.5,-7.4,-3.6,359,360,26,0,0,0,30,28,24,88,1,55.5264428
2022-01-31 13:09:46,-0.866,-35.568,33.3,57,1013.6,25.6,21.5,-6.5,-3.6,359,360,25,0,0,0,29,28,24,86,1,55.940441
2022-01-31 13:09:51,-0.605,-35.384,33.3,56.8,1013.6,25.2,21.8,-6.7,-3.2,359,360,25,0,0,0,29,27,24,84,1,53.6364428
2022-01-31 13:09:56,-0.344,-35.201,33.4,56.9,1013.7,24.9,22.2,-6.6,-2.8,359,360,25,0,0,0,29,27,24,84,1,53.528441
2022-01-31 13:10:01,-0.084,-35.017,33.3,56.8,1013.7,24.6,22.2,-6.9,-2.6,359,360,24,0,0,0,30,28,25,88,1,53.762440999999995
2022-01-31 13:10:06,0.177,-34.834,33.3,56.8,1013.7,24.3,22.1,-6.8,-2.3,359,360,24,0,0,0,29,28,24,85,1,53.0424428
2022-01-31 13:10:11,0.437,-34.651,33.3,57,1013.7,24,22.4,-6.6,-2.5,359,360,24,0,0,0,30,28,25,88,1,51.980441
2022-01-31 13:10:17,0.697,-34.467,33.4,56.8,1013.7,23.7,22.7,-6.5,-2.6,359,360,24,0,0,0,29,28,24,87,1,51.422441
2022-01-31 13:10:22,0.958,-34.284,33.2,56.9,1013.7,23.4,23,-7.1,-2.5,359,360,23,0,0,0,29,28,24,85,1,51.224441
2022-01-31 13:10:27,1.219,-34.1,33.4,57,1013.7,23.1,23,-6.6,-2.6,359,360,23,0,0,0,29,27,24,85,1,50.702441
2022-01-31 13:10:32,1.479,-33.917,33.4,56.5,1013.7,22.9,23,-6.5,-2.3,359,360,23,0,0,0,30,28,25,88,1,50.504441
2022-01-31 13:10:37,1.74,-33.733,33.3,56.6,1013.7,22.6,23.1,-6.4,-1.9,359,360,22,0,0,0,29,27,24,84,1,50.378441
2022-01-31 13:10:42,2.001,-33.549,33.4,56.8,1013.7,22.3,23.1,-6.4,-2,359,360,22,0,0,0,29,28,24,86,1,50.234441000000004
2022-01-31 13:10:47,2.261,-33.366,33.3,56.7,1013.6,22,23.1,-6.1,-1.4,359,360,22,0,0,0,29,28,24,85,1,48.812441
2022-01-31 13:10:52,2.521,-33.182,33.3,56.7,1013.7,21.7,23.5,-5.9,-1,359,360,22,0,0,0,29,27,24,84,1,48.4704428
2022-01-31 13:10:57,2.782,-32.998,33.3,56.8,1013.7,21.4,23.6,-6,-0.6,359,360,21,0,0,0,30,29,25,88,1,47.390441
2022-01-31 13:11:03,3.042,-32.814,33.4,56.7,1013.7,21.1,23.9,-5.9,-0.2,359,360,21,0,0,0,29,28,24,87,1,44.834441
2022-01-31 13:11:08,3.302,-32.63,33.3,56.8,1013.7,20.8,24,-6,-0.3,359,360,21,0,0,0,29,28,24,85,1,43.4664419
2022-01-31 13:11:13,3.562,-32.446,33.4,56.8,1013.7,20.6,23.9,-5.8,0.1,359,360,20,0,0,0,29,28,24,86,1,43.75444154
2022-01-31 13:11:18,3.823,-32.262,33.4,56.9,1013.7,20.3,24.2,-5.8,0.4,359,360,20,0,0,0,30,28,25,88,1,43.970441
2022-01-31 13:11:23,4.083,-32.077,33.4,56.7,1013.7,20,24.1,-6,0.5,359,360,20,0,0,0,29,28,24,86,1,44.51044172
2022-01-31 13:11:28,4.344,-31.892,33.3,56.6,1013.7,19.8,24.2,-6.2,0.4,359,360,20,0,0,0,29,28,24,86,1,44.43844172
2022-01-31 13:11:33,4.604,-31.707,33.3,57,1013.7,19.6,24.2,-6,0.7,359,360,19,0,0,0,30,27,24,88,1,44.7444419
2022-01-31 13:11:38,4.864,-31.522,33.3,56.7,1013.7,19.3,24.3,-5.7,1.1,359,360,19,0,0,0,29,27,24,85,1,44.7444419
2022-01-31 13:11:43,5.124,-31.338,33.3,56.9,1013.7,19.1,24.4,-5.6,1.2,359,360,19,0,0,0,29,28,24,85,1,43.520441
2022-01-31 13:11:49,5.384,-31.153,33.3,56.9,1013.7,18.8,24.4,-5.6,1.9,359,360,19,0,0,0,29,28,25,86,1,42.67444172
2022-01-31 13:11:54,5.644,-30.967,33.3,56.9,1013.6,18.6,24.6,-5.5,2,359,360,18,0,0,0,29,27,24,84,1,41.972441
2022-01-31 13:11:59,5.904,-30.782,33.3,56.9,1013.7,18.4,24.9,-5.8,1.6,359,360,18,0,0,0,30,28,25,88,1,41.57644154
2022-01-31 13:12:04,6.163,-30.596,33.3,56.8,1013.6,18.2,25.1,-5.7,2.2,359,360,18,0,0,0,29,28,24,86,1,40.06444208
2022-01-31 13:12:09,6.423,-30.41,33.3,56.9,1013.6,17.9,25.2,-5.5,2.7,359,360,18,0,0,0,30,28,25,85,1,39.21844154
2022-01-31 13:12:14,6.683,-30.224,33.4,56.9,1013.6,17.7,25,-5.6,3.3,359,360,18,0,0,0,29,28,24,86,1,38.60644136
2022-01-31 13:12:19,6.943,-30.037,33.3,56.9,1013.6,17.5,25.2,-5.8,3.5,359,360,17,0,0,0,29,28,24,86,1,37.9584419
2022-01-31 13:12:24,7.202,-29.851,33.3,56.7,1013.7,17.3,25.2,-5.8,3.7,359,360,17,0,0,0,29,27,24,85,1,37.9224419
2022-01-31 13:12:30,7.461,-29.664,33.3,56.6,1013.7,17.1,25.5,-5.5,3.5,359,360,17,0,0,0,29,28,24,86,1,36.95044208
2022-01-31 13:12:35,7.721,-29.476,33.2,56.9,1013.7,16.9,25.3,-5.3,3.7,359,360,17,0,0,0,29,27,24,84,1,37.25644136
2022-01-31 13:12:40,7.98,-29.289,33.3,56.8,1013.7,16.7,25.2,-5.4,4.3,359,360,17,0,0,0,29,27,24,85,1,36.91444208
2022-01-31 13:12:45,8.239,-29.101,33.3,56.8,1013.7,16.6,25.3,-5.6,4.4,359,360,16,0,0,0,29,28,24,85,1,36.51844154
2022-01-31 13:12:50,8.498,-28.913,33.4,56.9,1013.7,16.4,25.1,-5.6,3.8,359,360,16,0,0,0,29,27,24,87,1,36.75244172
2022-01-31 13:12:55,8.757,-28.725,33.4,56.8,1013.7,16.2,25.4,-5.6,4.6,359,360,16,0,0,0,29,27,24,86,1,36.51844154
2022-01-31 13:13:00,9.015,-28.537,33.2,56.8,1013.7,16.1,25.5,-5.4,5,359,360,16,0,0,0,29,27,24,84,1,36.93244154
2022-01-31 13:13:05,9.274,-28.348,33.3,56.9,1013.7,15.9,25.8,-5.1,4.8,359,360,16,0,0,0,29,28,24,86,1,36.96844154
2022-01-31 13:13:10,9.532,-28.159,33.3,56.5,1013.7,15.7,26,-5.3,5,359,360,16,0,0,0,29,28,24,86,1,37.5084419
2022-01-31 13:13:16,9.79,-27.97,33.3,56.9,1013.7,15.5,26.1,-5.2,5.8,359,360,15,0,0,0,29,28,24,87,1,38.26444208
2022-01-31 13:13:21,10.048,-27.78,33.3,56.5,1013.7,15.4,26.2,-5.3,5.8,359,360,15,0,0,0,29,27,24,85,1,38.84044154
2022-01-31 13:13:26,10.306,-27.59,33.4,56.7,1013.7,15.2,25.9,-5.4,6.4,359,360,15,0,0,0,29,27,24,85,1,39.45244172
2022-01-31 13:13:31,10.564,-27.4,33.3,58.8,1013.7,15,26,-4.9,6.5,359,360,15,0,0,0,29,28,24,86,0,39.3804419
2022-01-31 13:13:36,10.821,-27.209,33.3,56.6,1013.7,14.9,26.3,-5,6.4,359,360,15,0,0,0,29,28,24,86,1,38.94844136
2022-01-31 13:13:41,11.079,-27.018,33.4,56.8,1013.7,14.7,26.5,-5.1,6.1,359,360,15,0,0,0,29,27,24,84,1,38.42644154
2022-01-31 13:13:46,11.337,-26.826,33.3,57,1013.6,14.5,26.5,-4.9,6.3,359,360,14,0,0,0,30,28,25,87,1,38.0304419
2022-01-31 13:13:51,11.594,-26.634,33.4,57.1,1013.7,14.4,26.5,-4.8,6.4,359,360,14,0,0,0,29,27,24,85,1,37.72444172
2022-01-31 13:13:56,11.851,-26.442,33.3,56.9,1013.6,14.2,26.3,-4.8,6.5,359,360,14,0,0,0,29,28,24,86,1,37.22044136
2022-01-31 13:14:02,12.109,-26.249,33.3,56.7,1013.7,14,26.4,-4.8,7.2,359,360,14,0,0,0,29,27,24,84,1,37.0944419
2022-01-31 13:14:07,12.365,-26.056,33.3,57.1,1013.7,13.9,26.9,-4.9,7.1,359,360,14,0,0,0,29,28,24,86,1,36.75244172
2022-01-31 13:14:12,12.622,-25.862,33.3,56.6,1013.6,13.7,26.9,-5,7.2,359,360,14,0,0,0,29,27,24,84,1,36.44644172
2022-01-31 13:14:17,12.879,-25.669,33.4,56.7,1013.6,13.6,26.9,-5,7.3,359,360,14,0,0,0,29,28,24,86,1,36.59044154
2022-01-31 13:14:22,13.135,-25.474,33.3,56.8,1013.7,13.5,26.8,-4.7,7.7,359,360,13,0,0,0,29,28,24,86,1,36.698441360000004
2022-01-31 13:14:27,13.392,-25.279,33.4,56.9,1013.7,13.3,26.8,-4.8,7.9,359,360,13,0,0,0,30,28,25,86,1,36.95044208
2022-01-31 13:14:32,13.647,-25.084,33.4,57,1013.6,13.2,26.8,-5,8.5,359,360,13,0,0,0,29,28,24,86,1,36.5724419
2022-01-31 13:14:37,13.903,-24.888,33.3,56.8,1013.6,13.1,26.7,-4.7,8.5,359,360,13,0,0,0,29,27,24,84,1,37.00444154
2022-01-31 13:14:43,14.159,-24.691,33.3,57.4,1013.7,12.9,26.7,-4.5,9,359,360,13,0,0,0,29,28,24,85,1,37.36444208
2022-01-31 13:14:48,14.414,-24.494,33.4,56.6,1013.7,12.8,26.8,-4.5,9.5,359,360,13,0,0,0,29,28,24,85,1,37.52644154
2022-01-31 13:14:53,14.669,-24.297,33.3,57,1013.6,12.7,26.9,-4.2,9.5,359,360,13,0,0,0,29,28,24,86,1,37.20244172
2022-01-31 13:14:58,14.924,-24.1,33.3,57,1013.7,12.5,26.9,-4,9.6,359,360,12,0,0,0,29,28,24,85,1,37.38244154
2022-01-31 13:15:03,15.179,-23.901,33.3,56.8,1013.7,12.3,27.1,-4.3,10.1,359,360,12,0,0,0,29,27,24,86,1,37.5084419
2022-01-31 13:15:08,15.434,-23.702,33.3,56.7,1013.7,12.2,26.9,-4.5,9.9,359,360,12,0,0,0,30,28,25,86,1,38.15644136
2022-01-31 13:15:13,15.689,-23.502,33.3,56.9,1013.6,12.1,26.9,-4.3,10.4,359,360,12,0,0,0,29,28,24,85,1,39.63244154
2022-01-31 13:15:18,15.943,-23.302,33.3,56.6,1013.7,11.9,27.3,-4.5,10.5,359,360,12,0,0,0,29,28,24,86,1,41.234441000000004
2022-01-31 13:15:23,16.197,-23.102,33.4,56.8,1013.7,11.8,26.9,-4.3,10.7,359,360,12,0,0,0,29,27,24,84,1,42.51244136
2022-01-31 13:15:29,16.45,-22.901,33.3,56.6,1013.6,11.7,27.1,-4.3,10.2,359,360,12,0,0,0,30,28,25,88,1,43.82644154
2022-01-31 13:15:34,16.703,-22.7,33.3,56.8,1013.7,11.6,27.2,-4.4,11,359,360,12,0,0,0,29,28,25,85,1,44.420441
2022-01-31 13:15:39,16.956,-22.498,33.3,57,1013.7,11.5,27.1,-4.4,11.1,359,360,11,0,0,0,29,28,25,84,1,44.150441
2022-01-31 13:15:44,17.209,-22.295,33.3,56.7,1013.7,11.4,27.2,-4.5,11.2,359,360,11,0,0,0,30,28,25,87,1,43.664441
2022-01-31 13:15:49,17.462,-22.092,33.3,57,1013.7,11.3,27.5,-4.3,11.5,359,360,11,0,0,0,29,27,24,84,1,43.106441000000004
2022-01-31 13:15:54,17.714,-21.888,33.3,56.8,1013.7,11.2,27.4,-4.1,11.3,359,360,11,0,0,0,29,27,24,85,1,42.872440999999995
2022-01-31 13:15:59,17.966,-21.683,33.4,56.9,1013.7,11,27.6,-3.9,11.6,359,360,11,0,0,0,29,27,24,85,1,42.800441
2022-01-31 13:16:04,18.217,-21.478,33.3,56.8,1013.7,10.9,27.4,-4.2,12.5,359,360,11,0,0,0,29,28,24,86,1,42.74644172
2022-01-31 13:16:09,18.469,-21.272,33.4,56.7,1013.7,10.8,27.5,-4.3,13,359,360,11,0,0,0,29,28,24,85,1,42.620441
2022-01-31 13:16:15,18.72,-21.066,33.4,56.8,1013.7,10.8,27.6,-4.6,12.9,359,360,11,0,0,0,30,28,25,85,1,42.4944419
2022-01-31 13:16:20,18.971,-20.859,33.3,57,1013.7,10.7,27.5,-4,12.9,359,360,11,0,0,0,30,28,25,87,1,42.584441
2022-01-31 13:16:25,19.222,-20.651,33.4,56.5,1013.7,10.6,27.6,-3.8,12.8,359,360,11,0,0,0,29,27,24,85,1,42.728441000000004
2022-01-31 13:16:30,19.472,-20.442,33.3,57,1013.7,10.5,27.8,-3.8,13.1,359,360,10,0,0,0,30,29,25,88,1,42.40444154
2022-01-31 13:16:35,19.723,-20.232,33.3,56.8,1013.7,10.3,27.7,-3.7,13.2,359,360,10,0,0,0,30,28,25,87,1,42.278441
2022-01-31 13:16:40,19.973,-20.022,33.4,56.7,1013.7,10.2,27.6,-3.9,12.7,359,360,10,0,0,0,29,27,24,84,1,42.15244172
2022-01-31 13:16:45,20.222,-19.811,33.3,56.8,1013.7,10.1,27.5,-4.2,13.2,359,360,10,0,0,0,29,27,24,85,1,42.170441
2022-01-31 13:16:50,20.471,-19.599,33.4,56.7,1013.7,10.1,27.8,-4.1,13.3,359,360,10,0,0,0,28,27,23,83,1,42.1164419
2022-01-31 13:16:56,20.72,-19.387,33.3,56.7,1013.7,10,27.8,-4.3,13.7,359,360,10,0,0,0,27,26,23,80,1,42.0804419
2022-01-31 13:17:01,20.969,-19.174,33.3,56.6,1013.7,9.9,28.6,-4.1,13.8,359,360,10,0,0,0,27,26,23,80,1,42.1164419
2022-01-31 13:17:06,21.217,-18.96,33.4,57.1,1013.6,9.8,28.2,-4.4,13.9,359,360,10,0,0,0,28,27,24,83,1,42.1164419
2022-01-31 13:17:11,21.465,-18.745,33.2,56.9,1013.6,9.8,28.1,-4.3,14,359,360,10,0,0,0,28,27,23,82,1,41.792441
2022-01-31 13:17:16,21.712,-18.53,33.4,56.8,1013.7,9.7,28,-4.2,13.7,359,360,10,0,0,0,28,26,23,82,1,41.01844154
2022-01-31 13:17:21,21.959,-18.314,33.5,56.8,1013.7,9.7,28.2,-4.2,13.9,359,360,10,0,0,0,28,27,23,83,1,41.036440999999996
2022-01-31 13:17:26,22.206,-18.097,33.3,56.7,1013.7,9.6,28,-4.1,13.9,359,360,10,0,0,0,28,27,23,82,1,40.802441720000004
2022-01-31 13:17:31,22.453,-17.879,33.3,56.8,1013.7,9.5,27.7,-4.3,14.3,359,360,10,0,0,0,28,26,23,82,1,40.802441720000004
2022-01-31 13:17:36,22.699,-17.66,33.4,56.8,1013.7,9.5,27.8,-4.5,14.4,359,360,9,0,0,0,28,27,23,83,1,40.83844172
2022-01-31 13:17:42,22.944,-17.441,33.2,56.6,1013.7,9.5,27.9,-4.6,15.4,359,360,9,0,0,0,28,26,23,82,1,40.766441900000004
2022-01-31 13:17:47,23.189,-17.221,33.3,56.8,1013.7,9.4,28.1,-4.3,15.3,359,360,9,0,0,0,28,26,23,82,1,40.550441
2022-01-31 13:17:52,23.434,-16.999,33.3,56.7,1013.7,9.4,28,-4.3,15.4,359,360,9,0,0,0,28,27,23,83,1,40.2084419
2022-01-31 13:17:57,23.679,-16.777,33.3,56.7,1013.6,9.4,27.7,-4.4,15.8,359,360,9,0,0,0,28,27,23,83,1,39.70444154
2022-01-31 13:18:02,23.923,-16.554,33.3,56.8,1013.7,9.3,27.8,-4.3,16.4,359,360,9,0,0,0,28,26,23,81,1,39.21844154
2022-01-31 13:18:07,24.167,-16.33,33.4,56.8,1013.7,9.3,27.7,-4,16.3,359,360,9,0,0,0,28,26,23,81,1,38.98444136
2022-01-31 13:18:12,24.41,-16.105,33.4,56.6,1013.7,9.2,27.6,-4.2,16.1,359,360,9,0,0,0,28,27,23,83,1,38.69644172
2022-01-31 13:18:17,24.653,-15.879,33.3,56.9,1013.6,9.2,27.7,-4,16.3,359,360,9,0,0,0,28,27,23,83,1,38.60644136
2022-01-31 13:18:22,24.895,-15.653,33.4,56.6,1013.7,9.1,28,-4.2,16.5,359,360,9,0,0,0,28,26,23,81,1,37.976441539999996
2022-01-31 13:18:28,25.137,-15.425,33.3,56.7,1013.7,9.1,27.8,-4.2,17.2,359,360,9,0,0,0,29,27,24,84,1,38.08444136
2022-01-31 13:18:33,25.379,-15.196,33.3,56.7,1013.7,9,27.7,-4.1,17.5,359,360,9,0,0,0,28,26,23,81,1,37.76044172
2022-01-31 13:18:38,25.62,-14.967,33.4,56.9,1013.7,9,27.6,-3.9,16.8,359,360,9,0,0,0,28,27,24,84,1,37.5804419
2022-01-31 13:18:43,25.861,-14.735,33.4,56.5,1013.6,8.9,27.6,-3.8,16.8,359,360,9,0,0,0,29,27,24,84,1,37.40044208
2022-01-31 13:18:48,26.102,-14.503,33.3,56.5,1013.6,8.9,27.4,-3.7,17.2,359,360,9,0,0,0,29,26,23,85,1,36.96844154
2022-01-31 13:18:53,26.342,-14.27,33.4,56.8,1013.6,8.8,27.3,-3.8,16.9,359,360,9,0,0,0,29,26,23,84,1,37.23844172
2022-01-31 13:18:58,26.582,-14.036,33.3,56.6,1013.6,8.8,27.2,-4,17.2,359,360,9,0,0,0,28,27,24,83,1,37.41844154
2022-01-31 13:19:03,26.821,-13.801,33.3,57.1,1013.7,8.7,27.3,-3.8,17.4,359,360,9,0,0,0,28,26,23,81,1,37.9584419
2022-01-31 13:19:08,27.059,-13.565,33.2,57,1013.7,8.7,27.2,-3.7,18.2,359,360,9,0,0,0,29,26,23,84,1,38.12044136
2022-01-31 13:19:14,27.297,-13.328,33.4,56.9,1013.7,8.6,27.3,-3.8,18.1,359,360,9,0,0,0,28,27,23,83,1,38.24644172
2022-01-31 13:19:19,27.535,-13.09,33.4,56.4,1013.6,8.6,27.3,-3.2,18,359,360,9,0,0,0,28,27,23,83,1,38.26444208
2022-01-31 13:19:24,27.772,-12.851,33.4,56.9,1013.6,8.5,27.3,-3.8,18,359,360,8,0,0,0,28,27,23,83,1,39.63244154
2022-01-31 13:19:29,28.009,-12.61,33.3,56.8,1013.7,8.5,27.4,-4,18,359,360,8,0,0,0,29,27,24,84,1,40.42444172
2022-01-31 13:19:34,28.244,-12.368,33.3,56.6,1013.6,8.4,27.4,-4,18.4,359,360,8,0,0,0,28,26,23,81,1,41.234441000000004
2022-01-31 13:19:39,28.48,-12.126,33.3,56.9,1013.7,8.4,27.3,-3.9,18.7,359,360,8,0,0,0,28,26,23,81,1,41.36044172
2022-01-31 13:19:44,28.715,-11.881,33.3,56.8,1013.7,8.4,27.3,-4,18.6,359,360,8,0,0,0,28,27,23,83,1,40.334441
2022-01-31 13:19:49,28.95,-11.636,33.4,57,1013.7,8.4,27.3,-4.1,18.9,359,360,8,0,0,0,28,27,23,83,1,39.3804419
2022-01-31 13:19:55,29.184,-11.39,33.4,56.7,1013.6,8.3,27.4,-3.9,19.2,359,360,8,0,0,0,28,27,23,83,1,38.0304419
2022-01-31 13:20:00,29.418,-11.142,33.4,56.7,1013.6,8.3,27.5,-4.1,19.2,359,360,8,0,0,0,28,26,23,82,1,37.14844136
2022-01-31 13:20:05,29.651,-10.893,33.3,56.7,1013.7,8.3,27.3,-4.2,19.3,359,360,8,0,0,0,28,27,24,84,1,36.1944419
2022-01-31 13:20:10,29.883,-10.643,33.4,56.8,1013.6,8.3,27.5,-4.2,19.3,359,360,8,0,0,0,28,26,23,82,1,35.24044172
2022-01-31 13:20:15,30.115,-10.391,33.3,56.9,1013.6,8.3,27.5,-4.1,19.7,359,360,8,0,0,0,28,26,23,81,1,34.64644172
2022-01-31 13:20:20,30.346,-10.138,33.3,57.1,1013.6,8.3,27.6,-4.1,19.5,359,360,8,0,0,0,28,27,24,84,1,34.08844172
2022-01-31 13:20:25,30.577,-9.885,33.4,57.1,1013.7,8.3,27.6,-4,19.6,359,360,8,0,0,0,28,27,23,83,1,33.18844172
2022-01-31 13:20:30,30.807,-9.629,33.3,57,1013.6,8.2,27.5,-4.1,19.7,359,360,8,0,0,0,28,27,23,82,1,33.31444172
2022-01-31 13:20:35,31.037,-9.372,33.3,56.9,1013.6,8.2,27.3,-4.3,19.5,359,360,8,0,0,0,28,26,23,82,1,34.12444172
2022-01-31 13:20:41,31.266,-9.114,33.5,56.8,1013.6,8.2,27.3,-3.9,19.7,359,360,8,0,0,0,28,26,23,81,1,34.86244172
2022-01-31 13:20:46,31.495,-8.854,33.3,56.8,1013.7,8.2,27.2,-4.1,19.6,359,360,8,0,0,0,28,26,23,81,1,35.56444172
2022-01-31 13:20:51,31.722,-8.594,33.4,57,1013.7,8.2,27.3,-4.4,20,359,360,8,0,0,0,28,26,23,82,1,36.06844154
2022-01-31 13:20:56,31.949,-8.332,33.3,56.8,1013.7,8.2,27.4,-4.2,20.7,359,360,8,0,0,0,28,27,23,83,1,35.79844136
2022-01-31 13:21:01,32.176,-8.068,33.4,56.8,1013.7,8.2,27.2,-4.2,20.8,359,360,8,0,0,0,28,27,23,83,1,35.87044172
2022-01-31 13:21:06,32.401,-7.803,33.4,56.8,1013.7,8.2,27.1,-4.4,21,359,360,8,0,0,0,28,27,23,82,1,35.88844172
2022-01-31 13:21:11,32.627,-7.537,33.4,56.9,1013.7,8.2,26.9,-4.6,20.8,359,360,8,0,0,0,29,27,24,84,1,35.726441539999996
2022-01-31 13:21:16,32.851,-7.269,33.4,56.8,1013.7,8.3,27.2,-4.4,21.1,359,360,8,0,0,0,28,26,23,82,1,35.99644172
2022-01-31 13:21:22,33.075,-7,33.4,56.8,1013.7,8.3,27,-4.5,21.5,359,360,8,0,0,0,28,26,23,81,1,36.32044172
2022-01-31 13:21:27,33.298,-6.729,33.4,56.9,1013.7,8.3,26.9,-4.5,21.6,359,360,8,0,0,0,28,26,23,81,1,37.00444154
2022-01-31 13:21:32,33.52,-6.457,33.4,56.7,1013.7,8.3,26.8,-4.4,21.4,359,360,8,0,0,0,28,26,23,82,1,37.77844208
2022-01-31 13:21:37,33.742,-6.183,33.4,56.8,1013.7,8.3,26.9,-4.4,21.4,359,360,8,0,0,0,28,27,24,83,1,38.08444136
2022-01-31 13:21:42,33.961,-5.911,33.4,56.8,1013.7,8.3,27.1,-4.3,21.3,359,360,8,0,0,0,28,26,23,82,1,38.31844154
2022-01-31 13:21:47,34.181,-5.633,33.3,56.8,1013.7,8.3,26.9,-4.4,21.5,359,360,8,0,0,0,28,27,23,83,1,38.31844154
2022-01-31 13:21:52,34.399,-5.357,33.5,56.7,1013.7,8.4,26.6,-4.3,21.7,359,360,8,0,0,0,28,27,23,82,1,37.32844208
2022-01-31 13:21:57,34.619,-5.077,33.3,56.5,1013.7,8.4,26.5,-4,22.6,359,360,8,0,0,0,28,27,24,81,1,36.2664419
2022-01-31 13:22:02,34.836,-4.796,33.4,57.1,1013.7,8.3,26.6,-4.1,22.3,359,360,8,0,0,0,28,26,23,82,1,34.98844172
2022-01-31 13:22:07,35.053,-4.513,33.3,56.8,1013.7,8.3,26.6,-4.4,22.6,359,360,8,0,0,0,28,27,23,83,1,35.07844172
2022-01-31 13:22:13,35.27,-4.228,33.3,56.9,1013.6,8.3,26.7,-4.4,22.6,359,360,8,0,0,0,29,27,24,84,1,34.66444172
2022-01-31 13:22:18,35.486,-3.942,33.4,56.9,1013.7,8.4,26.6,-4.5,22.8,359,360,8,0,0,0,28,26,23,81,1,34.64644172
2022-01-31 13:22:23,35.701,-3.654,33.4,56.5,1013.7,8.4,26.8,-4.7,22.8,359,360,8,0,0,0,28,26,23,82,1,34.70044154
2022-01-31 13:22:28,35.915,-3.364,33.4,56.7,1013.7,8.4,26.7,-4.6,23.1,359,360,8,0,0,0,28,26,23,82,1,34.66444172
2022-01-31 13:22:33,36.128,-3.073,33.4,56.8,1013.7,8.4,26.6,-4.7,22.4,359,360,8,0,0,0,28,26,23,81,1,34.14244172
