year,mouth,day,hour,Temp-CÂ°,location,lat,lon,asl,Temp (Fahrenheit)
2017,11,1,0,0.8002454,Basilea,47.75000,7.50000,363653,33.44044172
2017,11,1,100,0.41024542,Basilea,47.75001,7.50001,363654,32.738441756
2017,11,1,200,0.2602454,Basilea,47.75002,7.50002,363655,32.46844172
2017,11,1,300,0.4602454,Basilea,47.75003,7.50003,363656,32.82844172
2017,11,1,400,0.3802454,Basilea,47.75004,7.50004,363657,32.68444172
2017,11,1,500,0.1502454,Basilea,47.75005,7.50005,363658,32.27044172
2017,11,1,600,0.3302454,Basilea,47.75006,7.50006,363659,32.59444172
2017,11,1,700,1.4802454,Basilea,47.75007,7.50007,363660,34.66444172
2017,11,1,800,3.8102455,Basilea,47.75008,7.50008,363661,38.8584419
2017,11,1,900,6.3202453,Basilea,47.75009,7.50009,363662,43.37644154
2017,11,1,1000,9.570246,Basilea,47.75010,7.50010,363663,49.2264428
2017,11,1,1100,11.650246,Basilea,47.75011,7.50011,363664,52.9704428
2017,11,1,1200,13.290245,Basilea,47.75012,7.50012,363665,55.922441
2017,11,1,1300,14.340245,Basilea,47.75013,7.50013,363666,57.812441
2017,11,1,1400,14.900246,Basilea,47.75014,7.50014,363667,58.8204428
2017,11,1,1500,14.530245,Basilea,47.75015,7.50015,363668,58.154441000000006
2017,11,1,1600,12.590245,Basilea,47.75016,7.50016,363669,54.662441
2017,11,1,1700,8.680245,Basilea,47.75017,7.50017,363670,47.624441
2017,11,1,1800,7.5102453,Basilea,47.75018,7.50018,363671,45.51844154
2017,11,1,1900,6.5602455,Basilea,47.75019,7.50019,363672,43.8084419
2017,11,1,2000,6.3002453,Basilea,47.75020,7.50020,363673,43.34044154
2017,11,1,2100,6.0902452,Basilea,47.75021,7.50021,363674,42.96244136
2017,11,1,2200,5.540245,Basilea,47.75022,7.50022,363675,41.972441
2017,11,1,2300,4.9102454,Basilea,47.75023,7.50023,363676,40.83844172
2017,11,2,0,5.0302453,Basilea,47.75024,7.50024,363677,41.05444154
2017,11,2,100,5.040245,Basilea,47.75025,7.50025,363678,41.072441
2017,11,2,200,4.9302454,Basilea,47.75026,7.50026,363679,40.87444172
2017,11,2,300,5.2402453,Basilea,47.75027,7.50027,363680,41.43244154
2017,11,2,400,5.8202453,Basilea,47.75028,7.50028,363681,42.476441539999996
2017,11,2,500,6.3202453,Basilea,47.75029,7.50029,363682,43.37644154
2017,11,2,600,6.5102453,Basilea,47.75030,7.50030,363683,43.71844154
2017,11,2,700,7.3202453,Basilea,47.75031,7.50031,363684,45.17644154
2017,11,2,800,8.670245,Basilea,47.75032,7.50032,363685,47.606441
2017,11,2,900,10.790245,Basilea,47.75033,7.50033,363686,51.422441
2017,11,2,1000,12.740245,Basilea,47.75034,7.50034,363687,54.932441
2017,11,2,1100,14.640245,Basilea,47.75035,7.50035,363688,58.352441
2017,11,2,1200,15.740245,Basilea,47.75036,7.50036,363689,60.332441
2017,11,2,1300,16.160246,Basilea,47.75037,7.50037,363690,61.0884428
2017,11,2,1400,15.8102455,Basilea,47.75038,7.50038,363691,60.458441900000004
2017,11,2,1500,15.570246,Basilea,47.75039,7.50039,363692,60.0264428
2017,11,2,1600,14.890245,Basilea,47.75040,7.50040,363693,58.802441
2017,11,2,1700,13.730246,Basilea,47.75041,7.50041,363694,56.7144428
2017,11,2,1800,13.170245,Basilea,47.75042,7.50042,363695,55.706441
2017,11,2,1900,12.700245,Basilea,47.75043,7.50043,363696,54.860441
2017,11,2,2000,12.230246,Basilea,47.75044,7.50044,363697,54.0144428
2017,11,2,2100,12.020246,Basilea,47.75045,7.50045,363698,53.6364428
2017,11,2,2200,11.760245,Basilea,47.75046,7.50046,363699,53.168441
2017,11,2,2300,11.710245,Basilea,47.75047,7.50047,363700,53.078441
2017,11,3,0,11.500245,Basilea,47.75048,7.50048,363701,52.700441
2017,11,3,100,10.970245,Basilea,47.75049,7.50049,363702,51.746441000000004
2017,11,3,200,10.430245,Basilea,47.75050,7.50050,363703,50.774440999999996
2017,11,3,300,10.090245,Basilea,47.75051,7.50051,363704,50.162441
2017,11,3,400,9.760245,Basilea,47.75052,7.50052,363705,49.568441
2017,11,3,500,9.570246,Basilea,47.75053,7.50053,363706,49.2264428
2017,11,3,600,9.820246,Basilea,47.75054,7.50054,363707,49.6764428
2017,11,3,700,9.930245,Basilea,47.75055,7.50055,363708,49.874441
2017,11,3,800,11.380245,Basilea,47.75056,7.50056,363709,52.484441000000004
2017,11,3,900,12.910245,Basilea,47.75057,7.50057,363710,55.238441
2017,11,3,1000,13.940246,Basilea,47.75058,7.50058,363711,57.0924428
2017,11,3,1100,15.580245,Basilea,47.75059,7.50059,363712,60.044441
2017,11,3,1200,16.590246,Basilea,47.75060,7.50060,363713,61.862442800000004
2017,11,3,1300,17.080246,Basilea,47.75061,7.50061,363714,62.744442799999995
2017,11,3,1400,17.250246,Basilea,47.75062,7.50062,363715,63.0504428
2017,11,3,1500,16.500246,Basilea,47.75063,7.50063,363716,61.700442800000005
2017,11,3,1600,15.120245,Basilea,47.75064,7.50064,363717,59.216441
2017,11,3,1700,12.420245,Basilea,47.75065,7.50065,363718,54.356441
2017,11,3,1800,9.580245,Basilea,47.75066,7.50066,363719,49.244441
2017,11,3,1900,8.500245,Basilea,47.75067,7.50067,363720,47.300441
2017,11,3,2000,7.8702455,Basilea,47.75068,7.50068,363721,46.1664419
2017,11,3,2100,7.6802454,Basilea,47.75069,7.50069,363722,45.824441719999996
2017,11,3,2200,8.280246,Basilea,47.75070,7.50070,363723,46.9044428
2017,11,3,2300,7.540245,Basilea,47.75071,7.50071,363724,45.572441
2017,11,4,0,7.5602455,Basilea,47.75072,7.50072,363725,45.6084419
2017,11,4,100,8.070246,Basilea,47.75073,7.50073,363726,46.5264428
2017,11,4,200,8.010245,Basilea,47.75074,7.50074,363727,46.418441
2017,11,4,300,8.090245,Basilea,47.75075,7.50075,363728,46.562441
2017,11,4,400,8.070246,Basilea,47.75076,7.50076,363729,46.5264428
2017,11,4,500,7.960245,Basilea,47.75077,7.50077,363730,46.328441
2017,11,4,600,7.9102454,Basilea,47.75078,7.50078,363731,46.23844172
2017,11,4,700,8.300245,Basilea,47.75079,7.50079,363732,46.940441
2017,11,4,800,9.750245,Basilea,47.75080,7.50080,363733,49.550441
2017,11,4,900,12.050245,Basilea,47.75081,7.50081,363734,53.690441
2017,11,4,1000,13.550245,Basilea,47.75082,7.50082,363735,56.390441
2017,11,4,1100,15.510245,Basilea,47.75083,7.50083,363736,59.918441
2017,11,4,1200,16.250246,Basilea,47.75084,7.50084,363737,61.2504428
2017,11,4,1300,16.930244,Basilea,47.75085,7.50085,363738,62.47443919999999
2017,11,4,1400,16.850245,Basilea,47.75086,7.50086,363739,62.330441
2017,11,4,1500,16.050245,Basilea,47.75087,7.50087,363740,60.890440999999996
2017,11,4,1600,13.910245,Basilea,47.75088,7.50088,363741,57.038441
2017,11,4,1700,12.520246,Basilea,47.75089,7.50089,363742,54.5364428
2017,11,4,1800,11.720245,Basilea,47.75090,7.50090,363743,53.096441
2017,11,4,1900,11.040245,Basilea,47.75091,7.50091,363744,51.872441
2017,11,4,2000,11.000245,Basilea,47.75092,7.50092,363745,51.800441
2017,11,4,2100,11.530245,Basilea,47.75093,7.50093,363746,52.754441
2017,11,4,2200,10.430245,Basilea,47.75094,7.50094,363747,50.774440999999996
2017,11,4,2300,10.120245,Basilea,47.75095,7.50095,363748,50.216441
2017,11,5,0,10.420245,Basilea,47.75096,7.50096,363749,50.756440999999995
2017,11,5,100,10.780245,Basilea,47.75097,7.50097,363750,51.404441000000006
2017,11,5,200,10.940246,Basilea,47.75098,7.50098,363751,51.6924428
2017,11,5,300,11.170245,Basilea,47.75099,7.50099,363752,52.106441
2017,11,5,400,11.260245,Basilea,47.75100,7.50100,363753,52.268440999999996
2017,11,5,500,11.3102455,Basilea,47.75101,7.50101,363754,52.3584419
2017,11,5,600,11.360246,Basilea,47.75102,7.50102,363755,52.4484428
2017,11,5,700,11.350245,Basilea,47.75103,7.50103,363756,52.430441
2017,11,5,800,11.260245,Basilea,47.75104,7.50104,363757,52.268440999999996
2017,11,5,900,10.200245,Basilea,47.75105,7.50105,363758,50.360441
2017,11,5,1000,9.240245,Basilea,47.75106,7.50106,363759,48.632441
2017,11,5,1100,8.490246,Basilea,47.75107,7.50107,363760,47.2824428
2017,11,5,1200,8.690246,Basilea,47.75108,7.50108,363761,47.6424428
2017,11,5,1300,9.000245,Basilea,47.75109,7.50109,363762,48.200441
2017,11,5,1400,8.920245,Basilea,47.75110,7.50110,363763,48.056441
2017,11,5,1500,8.530246,Basilea,47.75111,7.50111,363764,47.3544428
2017,11,5,1600,7.8902454,Basilea,47.75112,7.50112,363765,46.20244172
2017,11,5,1700,7.040245,Basilea,47.75113,7.50113,363766,44.672441
2017,11,5,1800,6.7202454,Basilea,47.75114,7.50114,363767,44.09644172
2017,11,5,1900,6.5502453,Basilea,47.75115,7.50115,363768,43.79044154
2017,11,5,2000,6.3202453,Basilea,47.75116,7.50116,363769,43.37644154
2017,11,5,2100,6.1402454,Basilea,47.75117,7.50117,363770,43.052441720000004
2017,11,5,2200,6.2802453,Basilea,47.75118,7.50118,363771,43.30444154
2017,11,5,2300,6.2602453,Basilea,47.75119,7.50119,363772,43.26844154
2017,11,6,0,5.940245,Basilea,47.75120,7.50120,363773,42.692441
2017,11,6,100,5.6802454,Basilea,47.75121,7.50121,363774,42.22444172
2017,11,6,200,5.6602454,Basilea,47.75122,7.50122,363775,42.18844172
2017,11,6,300,5.5302453,Basilea,47.75123,7.50123,363776,41.95444154
2017,11,6,400,5.270245,Basilea,47.75124,7.50124,363777,41.486441
2017,11,6,500,5.150245,Basilea,47.75125,7.50125,363778,41.270441
2017,11,6,600,4.980245,Basilea,47.75126,7.50126,363779,40.964441
2017,11,6,700,4.8902454,Basilea,47.75127,7.50127,363780,40.802441720000004
2017,11,6,800,5.020245,Basilea,47.75128,7.50128,363781,41.036440999999996
2017,11,6,900,5.630245,Basilea,47.75129,7.50129,363782,42.134441
2017,11,6,1000,6.2202454,Basilea,47.75130,7.50130,363783,43.196441719999996
2017,11,6,1100,6.960245,Basilea,47.75131,7.50131,363784,44.528441
2017,11,6,1200,7.2402453,Basilea,47.75132,7.50132,363785,45.03244154
2017,11,6,1300,7.1802454,Basilea,47.75133,7.50133,363786,44.92444172
2017,11,6,1400,7.230245,Basilea,47.75134,7.50134,363787,45.014441
2017,11,6,1500,6.9302454,Basilea,47.75135,7.50135,363788,44.47444172
2017,11,6,1600,6.690245,Basilea,47.75136,7.50136,363789,44.042441
2017,11,6,1700,6.630245,Basilea,47.75137,7.50137,363790,43.934441
2017,11,6,1800,6.290245,Basilea,47.75138,7.50138,363791,43.322441
2017,11,6,1900,6.1602454,Basilea,47.75139,7.50139,363792,43.08844172
2017,11,6,2000,6.040245,Basilea,47.75140,7.50140,363793,42.872440999999995
2017,11,6,2100,5.8702455,Basilea,47.75141,7.50141,363794,42.5664419
2017,11,6,2200,5.900245,Basilea,47.75142,7.50142,363795,42.620441
2017,11,6,2300,5.790245,Basilea,47.75143,7.50143,363796,42.422441
2017,11,7,0,5.8302455,Basilea,47.75144,7.50144,363797,42.4944419
2017,11,7,100,5.7402453,Basilea,47.75145,7.50145,363798,42.33244154
2017,11,7,200,5.540245,Basilea,47.75146,7.50146,363799,41.972441
2017,11,7,300,5.5802455,Basilea,47.75147,7.50147,363800,42.0444419
2017,11,7,400,5.440245,Basilea,47.75148,7.50148,363801,41.792441
2017,11,7,500,5.3502455,Basilea,47.75149,7.50149,363802,41.6304419
2017,11,7,600,5.270245,Basilea,47.75150,7.50150,363803,41.486441
2017,11,7,700,5.190245,Basilea,47.75151,7.50151,363804,41.342441
2017,11,7,800,5.2202454,Basilea,47.75152,7.50152,363805,41.39644172
2017,11,7,900,5.4302454,Basilea,47.75153,7.50153,363806,41.77444172
2017,11,7,1000,5.8502455,Basilea,47.75154,7.50154,363807,42.5304419
2017,11,7,1100,6.250245,Basilea,47.75155,7.50155,363808,43.250440999999995
2017,11,7,1200,6.170245,Basilea,47.75156,7.50156,363809,43.106441000000004
2017,11,7,1300,6.0902452,Basilea,47.75157,7.50157,363810,42.96244136
2017,11,7,1400,6.1402454,Basilea,47.75158,7.50158,363811,43.052441720000004
2017,11,7,1500,6.020245,Basilea,47.75159,7.50159,363812,42.836441
2017,11,7,1600,5.9702454,Basilea,47.75160,7.50160,363813,42.74644172
2017,11,7,1700,6.000245,Basilea,47.75161,7.50161,363814,42.800441
2017,11,7,1800,5.7402453,Basilea,47.75162,7.50162,363815,42.33244154
2017,11,7,1900,5.8502455,Basilea,47.75163,7.50163,363816,42.5304419
2017,11,7,2000,5.8402452,Basilea,47.75164,7.50164,363817,42.51244136
2017,11,7,2100,5.8202453,Basilea,47.75165,7.50165,363818,42.476441539999996
2017,11,7,2200,5.880245,Basilea,47.75166,7.50166,363819,42.584441
2017,11,7,2300,5.880245,Basilea,47.75167,7.50167,363820,42.584441
2017,11,8,0,5.7002454,Basilea,47.75168,7.50168,363821,42.26044172
2017,11,8,100,5.710245,Basilea,47.75169,7.50169,363822,42.278441
2017,11,8,200,5.960245,Basilea,47.75170,7.50170,363823,42.728441000000004
2017,11,8,300,6.170245,Basilea,47.75171,7.50171,363824,43.106441000000004
2017,11,8,400,6.130245,Basilea,47.75172,7.50172,363825,43.034441
2017,11,8,500,6.0902452,Basilea,47.75173,7.50173,363826,42.96244136
2017,11,8,600,6.020245,Basilea,47.75174,7.50174,363827,42.836441
2017,11,8,700,5.8702455,Basilea,47.75175,7.50175,363828,42.5664419
2017,11,8,800,5.8902454,Basilea,47.75176,7.50176,363829,42.60244172
2017,11,8,900,6.0502453,Basilea,47.75177,7.50177,363830,42.89044154
2017,11,8,1000,6.690245,Basilea,47.75178,7.50178,363831,44.042441
2017,11,8,1100,6.9702454,Basilea,47.75179,7.50179,363832,44.54644172
2017,11,8,1200,7.0102453,Basilea,47.75180,7.50180,363833,44.61844154
2017,11,8,1300,7.1002455,Basilea,47.75181,7.50181,363834,44.7804419
2017,11,8,1400,7.190245,Basilea,47.75182,7.50182,363835,44.942441
2017,11,8,1500,7.0802455,Basilea,47.75183,7.50183,363836,44.7444419
2017,11,8,1600,6.650245,Basilea,47.75184,7.50184,363837,43.970441
2017,11,8,1700,6.480245,Basilea,47.75185,7.50185,363838,43.664441
2017,11,8,1800,5.6002455,Basilea,47.75186,7.50186,363839,42.0804419
2017,11,8,1900,5.290245,Basilea,47.75187,7.50187,363840,41.522441
2017,11,8,2000,5.6402454,Basilea,47.75188,7.50188,363841,42.15244172
2017,11,8,2100,5.7402453,Basilea,47.75189,7.50189,363842,42.33244154
2017,11,8,2200,6.170245,Basilea,47.75190,7.50190,363843,43.106441000000004
2017,11,8,2300,6.3902454,Basilea,47.75191,7.50191,363844,43.50244172
2017,11,9,0,6.420245,Basilea,47.75192,7.50192,363845,43.556441
2017,11,9,100,6.5902452,Basilea,47.75193,7.50193,363846,43.86244136
2017,11,9,200,6.4502454,Basilea,47.75194,7.50194,363847,43.61044172
2017,11,9,300,6.440245,Basilea,47.75195,7.50195,363848,43.592441
2017,11,9,400,6.3002453,Basilea,47.75196,7.50196,363849,43.34044154
2017,11,9,500,6.6202455,Basilea,47.75197,7.50197,363850,43.9164419
2017,11,9,600,6.710245,Basilea,47.75198,7.50198,363851,44.078441
2017,11,9,700,6.6802454,Basilea,47.75199,7.50199,363852,44.02444172
2017,11,9,800,6.5702453,Basilea,47.75200,7.50200,363853,43.82644154
2017,11,9,900,6.670245,Basilea,47.75201,7.50201,363854,44.006441
2017,11,9,1000,7.110245,Basilea,47.75202,7.50202,363855,44.798441
2017,11,9,1100,7.3702455,Basilea,47.75203,7.50203,363856,45.266441900000004
2017,11,9,1200,7.5802455,Basilea,47.75204,7.50204,363857,45.644441900000004
2017,11,9,1300,7.5902452,Basilea,47.75205,7.50205,363858,45.66244136
2017,11,9,1400,7.4902453,Basilea,47.75206,7.50206,363859,45.482441539999996
2017,11,9,1500,7.360245,Basilea,47.75207,7.50207,363860,45.248441
2017,11,9,1600,6.880245,Basilea,47.75208,7.50208,363861,44.384441
2017,11,9,1700,6.9102454,Basilea,47.75209,7.50209,363862,44.43844172
2017,11,9,1800,6.8402452,Basilea,47.75210,7.50210,363863,44.31244136
2017,11,9,1900,6.5602455,Basilea,47.75211,7.50211,363864,43.8084419
2017,11,9,2000,6.6002455,Basilea,47.75212,7.50212,363865,43.8804419
2017,11,9,2100,6.1202455,Basilea,47.75213,7.50213,363866,43.016441900000004
2017,11,9,2200,6.7202454,Basilea,47.75214,7.50214,363867,44.09644172
2017,11,9,2300,6.900245,Basilea,47.75215,7.50215,363868,44.420441
2017,11,10,0,7.020245,Basilea,47.75216,7.50216,363869,44.636441000000005
2017,11,10,100,6.0302453,Basilea,47.75217,7.50217,363870,42.854441539999996
2017,11,10,200,5.9902453,Basilea,47.75218,7.50218,363871,42.78244154
2017,11,10,300,6.130245,Basilea,47.75219,7.50219,363872,43.034441
2017,11,10,400,5.9302454,Basilea,47.75220,7.50220,363873,42.67444172
2017,11,10,500,6.1402454,Basilea,47.75221,7.50221,363874,43.052441720000004
2017,11,10,600,6.1402454,Basilea,47.75222,7.50222,363875,43.052441720000004
2017,11,10,700,6.130245,Basilea,47.75223,7.50223,363876,43.034441
2017,11,10,800,6.3002453,Basilea,47.75224,7.50224,363877,43.34044154
2017,11,10,900,6.5102453,Basilea,47.75225,7.50225,363878,43.71844154
2017,11,10,1000,7.150245,Basilea,47.75226,7.50226,363879,44.870441
2017,11,10,1100,7.6002455,Basilea,47.75227,7.50227,363880,45.6804419
2017,11,10,1200,7.6402454,Basilea,47.75228,7.50228,363881,45.75244172
2017,11,10,1300,7.400245,Basilea,47.75229,7.50229,363882,45.320441
2017,11,10,1400,7.210245,Basilea,47.75230,7.50230,363883,44.978441
2017,11,10,1500,7.000245,Basilea,47.75231,7.50231,363884,44.600441000000004
2017,11,10,1600,6.860245,Basilea,47.75232,7.50232,363885,44.348441
2017,11,10,1700,6.8102455,Basilea,47.75233,7.50233,363886,44.2584419
2017,11,10,1800,6.980245,Basilea,47.75234,7.50234,363887,44.564441
2017,11,10,1900,7.150245,Basilea,47.75235,7.50235,363888,44.870441
2017,11,10,2000,7.2602453,Basilea,47.75236,7.50236,363889,45.06844154
2017,11,10,2100,7.480245,Basilea,47.75237,7.50237,363890,45.464441
2017,11,10,2200,7.7002454,Basilea,47.75238,7.50238,363891,45.86044172
2017,11,10,2300,7.8502455,Basilea,47.75239,7.50239,363892,46.1304419
2017,11,11,0,7.960245,Basilea,47.75240,7.50240,363893,46.328441
2017,11,11,100,7.9102454,Basilea,47.75241,7.50241,363894,46.23844172
2017,11,11,200,7.8002453,Basilea,47.75242,7.50242,363895,46.04044154
2017,11,11,300,7.6402454,Basilea,47.75243,7.50243,363896,45.75244172
2017,11,11,400,7.380245,Basilea,47.75244,7.50244,363897,45.284441
2017,11,11,500,6.980245,Basilea,47.75245,7.50245,363898,44.564441
2017,11,11,600,6.9702454,Basilea,47.75246,7.50246,363899,44.54644172
2017,11,11,700,7.2002454,Basilea,47.75247,7.50247,363900,44.96044172
2017,11,11,800,7.790245,Basilea,47.75248,7.50248,363901,46.022441
2017,11,11,900,8.200246,Basilea,47.75249,7.50249,363902,46.7604428
2017,11,11,1000,8.480246,Basilea,47.75250,7.50250,363903,47.2644428
2017,11,11,1100,8.290245,Basilea,47.75251,7.50251,363904,46.922441
2017,11,11,1200,8.340245,Basilea,47.75252,7.50252,363905,47.012440999999995
2017,11,11,1300,8.700245,Basilea,47.75253,7.50253,363906,47.660441
2017,11,11,1400,8.8102455,Basilea,47.75254,7.50254,363907,47.8584419
2017,11,11,1500,8.950245,Basilea,47.75255,7.50255,363908,48.110441
2017,11,11,1600,9.170245,Basilea,47.75256,7.50256,363909,48.506440999999995
2017,11,11,1700,9.390245,Basilea,47.75257,7.50257,363910,48.902440999999996
2017,11,11,1800,9.550245,Basilea,47.75258,7.50258,363911,49.190441
2017,11,11,1900,9.700245,Basilea,47.75259,7.50259,363912,49.460441
2017,11,11,2000,9.780245,Basilea,47.75260,7.50260,363913,49.604441
2017,11,11,2100,9.920245,Basilea,47.75261,7.50261,363914,49.856441
2017,11,11,2200,10.140245,Basilea,47.75262,7.50262,363915,50.252441
2017,11,11,2300,10.220245,Basilea,47.75263,7.50263,363916,50.396441
2017,11,12,0,10.270246,Basilea,47.75264,7.50264,363917,50.4864428
2017,11,12,100,10.3102455,Basilea,47.75265,7.50265,363918,50.558441900000005
2017,11,12,200,10.360246,Basilea,47.75266,7.50266,363919,50.6484428
2017,11,12,300,10.600245,Basilea,47.75267,7.50267,363920,51.080441
2017,11,12,400,10.700245,Basilea,47.75268,7.50268,363921,51.260441
2017,11,12,500,11.000245,Basilea,47.75269,7.50269,363922,51.800441
2017,11,12,600,11.210245,Basilea,47.75270,7.50270,363923,52.178441
2017,11,12,700,11.270246,Basilea,47.75271,7.50271,363924,52.2864428
2017,11,12,800,11.450245,Basilea,47.75272,7.50272,363925,52.610441
2017,11,12,900,11.190246,Basilea,47.75273,7.50273,363926,52.1424428
2017,11,12,1000,11.000245,Basilea,47.75274,7.50274,363927,51.800441
2017,11,12,1100,11.030245,Basilea,47.75275,7.50275,363928,51.854441
2017,11,12,1200,11.280245,Basilea,47.75276,7.50276,363929,52.304441000000004
2017,11,12,1300,11.260245,Basilea,47.75277,7.50277,363930,52.268440999999996
2017,11,12,1400,10.170245,Basilea,47.75278,7.50278,363931,50.306441
2017,11,12,1500,6.1602454,Basilea,47.75279,7.50279,363932,43.08844172
2017,11,12,1600,4.0602455,Basilea,47.75280,7.50280,363933,39.3084419
2017,11,12,1700,5.380245,Basilea,47.75281,7.50281,363934,41.684441
2017,11,12,1800,5.210245,Basilea,47.75282,7.50282,363935,41.378440999999995
2017,11,12,1900,4.5902452,Basilea,47.75283,7.50283,363936,40.26244136
2017,11,12,2000,4.150245,Basilea,47.75284,7.50284,363937,39.470441
2017,11,12,2100,4.0902452,Basilea,47.75285,7.50285,363938,39.36244136
2017,11,12,2200,4.3902454,Basilea,47.75286,7.50286,363939,39.90244172
2017,11,12,2300,3.8002453,Basilea,47.75287,7.50287,363940,38.84044154
2017,11,13,0,3.7902455,Basilea,47.75288,7.50288,363941,38.8224419
2017,11,13,100,3.7802453,Basilea,47.75289,7.50289,363942,38.80444154
2017,11,13,200,3.5302453,Basilea,47.75290,7.50290,363943,38.354441539999996
2017,11,13,300,3.9002452,Basilea,47.75291,7.50291,363944,39.02044136
2017,11,13,400,3.7802453,Basilea,47.75292,7.50292,363945,38.80444154
2017,11,13,500,3.8802452,Basilea,47.75293,7.50293,363946,38.98444136
2017,11,13,600,3.6802454,Basilea,47.75294,7.50294,363947,38.62444172
2017,11,13,700,3.9902453,Basilea,47.75295,7.50295,363948,39.18244154
2017,11,13,800,4.5502453,Basilea,47.75296,7.50296,363949,40.19044154
2017,11,13,900,5.250245,Basilea,47.75297,7.50297,363950,41.450441
2017,11,13,1000,5.440245,Basilea,47.75298,7.50298,363951,41.792441
2017,11,13,1100,6.210245,Basilea,47.75299,7.50299,363952,43.178441
2017,11,13,1200,6.2802453,Basilea,47.75300,7.50300,363953,43.30444154
2017,11,13,1300,6.460245,Basilea,47.75301,7.50301,363954,43.628440999999995
2017,11,13,1400,6.420245,Basilea,47.75302,7.50302,363955,43.556441
2017,11,13,1500,6.3402452,Basilea,47.75303,7.50303,363956,43.41244136
2017,11,13,1600,5.8402452,Basilea,47.75304,7.50304,363957,42.51244136
2017,11,13,1700,5.1002455,Basilea,47.75305,7.50305,363958,41.1804419
2017,11,13,1800,4.710245,Basilea,47.75306,7.50306,363959,40.478441000000004
2017,11,13,1900,4.0202456,Basilea,47.75307,7.50307,363960,39.23644208
2017,11,13,2000,4.2202454,Basilea,47.75308,7.50308,363961,39.59644172
2017,11,13,2100,4.8102455,Basilea,47.75309,7.50309,363962,40.6584419
2017,11,13,2200,4.5602455,Basilea,47.75310,7.50310,363963,40.2084419
2017,11,13,2300,4.2502456,Basilea,47.75311,7.50311,363964,39.65044208
2017,11,14,0,4.1802454,Basilea,47.75312,7.50312,363965,39.52444172
2017,11,14,100,3.2202454,Basilea,47.75313,7.50313,363966,37.79644172
2017,11,14,200,2.6402454,Basilea,47.75314,7.50314,363967,36.75244172
2017,11,14,300,2.2502456,Basilea,47.75315,7.50315,363968,36.050442079999996
2017,11,14,400,1.8202454,Basilea,47.75316,7.50316,363969,35.27644172
2017,11,14,500,1.8102454,Basilea,47.75317,7.50317,363970,35.25844172
2017,11,14,600,2.0702453,Basilea,47.75318,7.50318,363971,35.726441539999996
2017,11,14,700,1.9002454,Basilea,47.75319,7.50319,363972,35.42044172
2017,11,14,800,2.3902454,Basilea,47.75320,7.50320,363973,36.30244172
2017,11,14,900,3.5002456,Basilea,47.75321,7.50321,363974,38.300442079999996
2017,11,14,1000,4.7002454,Basilea,47.75322,7.50322,363975,40.46044172
2017,11,14,1100,5.7002454,Basilea,47.75323,7.50323,363976,42.26044172
2017,11,14,1200,6.1802454,Basilea,47.75324,7.50324,363977,43.12444172
2017,11,14,1300,6.630245,Basilea,47.75325,7.50325,363978,43.934441
2017,11,14,1400,6.8702455,Basilea,47.75326,7.50326,363979,44.3664419
2017,11,14,1500,6.2602453,Basilea,47.75327,7.50327,363980,43.26844154
2017,11,14,1600,4.6202455,Basilea,47.75328,7.50328,363981,40.3164419
2017,11,14,1700,3.1702452,Basilea,47.75329,7.50329,363982,37.70644136
2017,11,14,1800,1.5902454,Basilea,47.75330,7.50330,363983,34.86244172
2017,11,14,1900,1.4302454,Basilea,47.75331,7.50331,363984,34.57444172
2017,11,14,2000,0.7402454,Basilea,47.75332,7.50332,363985,33.33244172
2017,11,14,2100,-0.16975462,Basilea,47.75333,7.50333,363986,31.694441684
2017,11,14,2200,-0.51975465,Basilea,47.75334,7.50334,363987,31.06444163
2017,11,14,2300,-1.1397547,Basilea,47.75335,7.50335,363988,29.94844154
2017,11,15,0,-1.2997546,Basilea,47.75336,7.50336,363989,29.66044172
2017,11,15,100,-1.2397546,Basilea,47.75337,7.50337,363990,29.76844172
2017,11,15,200,-1.2497545,Basilea,47.75338,7.50338,363991,29.7504419
2017,11,15,300,-1.1497546,Basilea,47.75339,7.50339,363992,29.93044172
2017,11,15,400,-1.1697546,Basilea,47.75340,7.50340,363993,29.89444172
2017,11,15,500,-1.0897546,Basilea,47.75341,7.50341,363994,30.03844172
2017,11,15,600,-1.2497545,Basilea,47.75342,7.50342,363995,29.7504419
2017,11,15,700,-1.0797546,Basilea,47.75343,7.50343,363996,30.05644172
2017,11,15,800,0.4202454,Basilea,47.75344,7.50344,363997,32.75644172
2017,11,15,900,1.4302454,Basilea,47.75345,7.50345,363998,34.57444172
2017,11,15,1000,2.2902455,Basilea,47.75346,7.50346,363999,36.1224419
2017,11,15,1100,3.2702456,Basilea,47.75347,7.50347,364000,37.88644208
2017,11,15,1200,4.360245,Basilea,47.75348,7.50348,364001,39.848441
2017,11,15,1300,5.110245,Basilea,47.75349,7.50349,364002,41.198441
2017,11,15,1400,5.3402452,Basilea,47.75350,7.50350,364003,41.61244136
2017,11,15,1500,4.610245,Basilea,47.75351,7.50351,364004,40.298441
2017,11,15,1600,2.4702454,Basilea,47.75352,7.50352,364005,36.44644172
2017,11,15,1700,1.5602454,Basilea,47.75353,7.50353,364006,34.80844172
2017,11,15,1800,1.3402455,Basilea,47.75354,7.50354,364007,34.4124419
2017,11,15,1900,0.6102454,Basilea,47.75355,7.50355,364008,33.09844172
2017,11,15,2000,0.030245423,Basilea,47.75356,7.50356,364009,32.0544417614
2017,11,15,2100,-0.16975462,Basilea,47.75357,7.50357,364010,31.694441684
2017,11,15,2200,-0.29975462,Basilea,47.75358,7.50358,364011,31.460441684
2017,11,15,2300,-0.3697546,Basilea,47.75359,7.50359,364012,31.33444172
2017,11,16,0,-0.3697546,Basilea,47.75360,7.50360,364013,31.33444172
2017,11,16,100,-0.51975465,Basilea,47.75361,7.50361,364014,31.06444163
2017,11,16,200,-0.51975465,Basilea,47.75362,7.50362,364015,31.06444163
2017,11,16,300,-0.2697546,Basilea,47.75363,7.50363,364016,31.51444172
2017,11,16,400,1.2202454,Basilea,47.75364,7.50364,364017,34.19644172
2017,11,16,500,1.0002453,Basilea,47.75365,7.50365,364018,33.80044154
2017,11,16,600,-0.03975457,Basilea,47.75366,7.50366,364019,31.928441774
2017,11,16,700,-0.08975458,Basilea,47.75367,7.50367,364020,31.838441756
2017,11,16,800,1.0502454,Basilea,47.75368,7.50368,364021,33.89044172
2017,11,16,900,1.6302454,Basilea,47.75369,7.50369,364022,34.93444172
2017,11,16,1000,1.9502454,Basilea,47.75370,7.50370,364023,35.51044172
2017,11,16,1100,2.3602452,Basilea,47.75371,7.50371,364024,36.24844136
2017,11,16,1200,2.7402453,Basilea,47.75372,7.50372,364025,36.93244154
2017,11,16,1300,3.1302452,Basilea,47.75373,7.50373,364026,37.63444136
2017,11,16,1400,3.1402454,Basilea,47.75374,7.50374,364027,37.65244172
2017,11,16,1500,3.0902452,Basilea,47.75375,7.50375,364028,37.56244136
2017,11,16,1600,2.5002456,Basilea,47.75376,7.50376,364029,36.50044208
2017,11,16,1700,3.0402455,Basilea,47.75377,7.50377,364030,37.4724419
2017,11,16,1800,2.5702453,Basilea,47.75378,7.50378,364031,36.62644154
2017,11,16,1900,1.8602453,Basilea,47.75379,7.50379,364032,35.34844154
2017,11,16,2000,1.4502454,Basilea,47.75380,7.50380,364033,34.61044172
2017,11,16,2100,1.4502454,Basilea,47.75381,7.50381,364034,34.61044172
2017,11,16,2200,0.5702454,Basilea,47.75382,7.50382,364035,33.02644172
2017,11,16,2300,0.17024541,Basilea,47.75383,7.50383,364036,32.306441738
2017,11,17,0,-0.019754589,Basilea,47.75384,7.50384,364037,31.9644417398
2017,11,17,100,-0.40975457,Basilea,47.75385,7.50385,364038,31.262441774
2017,11,17,200,-0.07975459,Basilea,47.75386,7.50386,364039,31.856441738
2017,11,17,300,0.3902454,Basilea,47.75387,7.50387,364040,32.70244172
2017,11,17,400,0.6102454,Basilea,47.75388,7.50388,364041,33.09844172
2017,11,17,500,0.8302454,Basilea,47.75389,7.50389,364042,33.49444172
2017,11,17,600,0.7602454,Basilea,47.75390,7.50390,364043,33.36844172
2017,11,17,700,1.2102454,Basilea,47.75391,7.50391,364044,34.17844172
2017,11,17,800,1.9002454,Basilea,47.75392,7.50392,364045,35.42044172
2017,11,17,900,2.7502456,Basilea,47.75393,7.50393,364046,36.95044208
2017,11,17,1000,3.8402452,Basilea,47.75394,7.50394,364047,38.91244136
2017,11,17,1100,5.0902452,Basilea,47.75395,7.50395,364048,41.16244136
2017,11,17,1200,5.900245,Basilea,47.75396,7.50396,364049,42.620441
2017,11,17,1300,6.420245,Basilea,47.75397,7.50397,364050,43.556441
2017,11,17,1400,6.730245,Basilea,47.75398,7.50398,364051,44.114441
2017,11,17,1500,6.5802455,Basilea,47.75399,7.50399,364052,43.8444419
2017,11,17,1600,5.6402454,Basilea,47.75400,7.50400,364053,42.15244172
2017,11,17,1700,5.2002454,Basilea,47.75401,7.50401,364054,41.36044172
2017,11,17,1800,5.190245,Basilea,47.75402,7.50402,364055,41.342441
2017,11,17,1900,5.380245,Basilea,47.75403,7.50403,364056,41.684441
2017,11,17,2000,4.6802454,Basilea,47.75404,7.50404,364057,40.42444172
2017,11,17,2100,4.9302454,Basilea,47.75405,7.50405,364058,40.87444172
2017,11,17,2200,6.1002455,Basilea,47.75406,7.50406,364059,42.9804419
2017,11,17,2300,6.110245,Basilea,47.75407,7.50407,364060,42.998441
2017,11,18,0,6.020245,Basilea,47.75408,7.50408,364061,42.836441
2017,11,18,100,6.2402453,Basilea,47.75409,7.50409,364062,43.232441539999996
2017,11,18,200,6.020245,Basilea,47.75410,7.50410,364063,42.836441
2017,11,18,300,5.8502455,Basilea,47.75411,7.50411,364064,42.5304419
2017,11,18,400,5.7802453,Basilea,47.75412,7.50412,364065,42.40444154
2017,11,18,500,5.5102453,Basilea,47.75413,7.50413,364066,41.91844154
2017,11,18,600,5.4502454,Basilea,47.75414,7.50414,364067,41.81044172
2017,11,18,700,5.190245,Basilea,47.75415,7.50415,364068,41.342441
2017,11,18,800,5.170245,Basilea,47.75416,7.50416,364069,41.306441
2017,11,18,900,5.210245,Basilea,47.75417,7.50417,364070,41.378440999999995
2017,11,18,1000,5.7402453,Basilea,47.75418,7.50418,364071,42.33244154
2017,11,18,1100,6.0802455,Basilea,47.75419,7.50419,364072,42.9444419
2017,11,18,1200,6.3902454,Basilea,47.75420,7.50420,364073,43.50244172
2017,11,18,1300,6.460245,Basilea,47.75421,7.50421,364074,43.628440999999995
2017,11,18,1400,6.3902454,Basilea,47.75422,7.50422,364075,43.50244172
2017,11,18,1500,6.2002454,Basilea,47.75423,7.50423,364076,43.16044172
2017,11,18,1600,5.8702455,Basilea,47.75424,7.50424,364077,42.5664419
2017,11,18,1700,5.520245,Basilea,47.75425,7.50425,364078,41.936441
2017,11,18,1800,4.8102455,Basilea,47.75426,7.50426,364079,40.6584419
2017,11,18,1900,4.4402456,Basilea,47.75427,7.50427,364080,39.99244208
2017,11,18,2000,4.0102453,Basilea,47.75428,7.50428,364081,39.21844154
2017,11,18,2100,4.380245,Basilea,47.75429,7.50429,364082,39.884441
2017,11,18,2200,4.5802455,Basilea,47.75430,7.50430,364083,40.2444419
2017,11,18,2300,4.610245,Basilea,47.75431,7.50431,364084,40.298441
2017,11,19,0,4.380245,Basilea,47.75432,7.50432,364085,39.884441
2017,11,19,100,3.5202456,Basilea,47.75433,7.50433,364086,38.33644208
2017,11,19,200,3.1102452,Basilea,47.75434,7.50434,364087,37.59844136
2017,11,19,300,2.8602452,Basilea,47.75435,7.50435,364088,37.14844136
2017,11,19,400,3.0602455,Basilea,47.75436,7.50436,364089,37.5084419
2017,11,19,500,3.0002456,Basilea,47.75437,7.50437,364090,37.40044208
2017,11,19,600,3.3502455,Basilea,47.75438,7.50438,364091,38.0304419
2017,11,19,700,3.9302454,Basilea,47.75439,7.50439,364092,39.07444172
2017,11,19,800,4.5202456,Basilea,47.75440,7.50440,364093,40.13644208
2017,11,19,900,5.3502455,Basilea,47.75441,7.50441,364094,41.6304419
2017,11,19,1000,5.6202455,Basilea,47.75442,7.50442,364095,42.1164419
2017,11,19,1100,6.5102453,Basilea,47.75443,7.50443,364096,43.71844154
2017,11,19,1200,6.610245,Basilea,47.75444,7.50444,364097,43.898441
2017,11,19,1300,7.000245,Basilea,47.75445,7.50445,364098,44.600441000000004
2017,11,19,1400,6.9302454,Basilea,47.75446,7.50446,364099,44.47444172
2017,11,19,1500,6.440245,Basilea,47.75447,7.50447,364100,43.592441
2017,11,19,1600,4.6202455,Basilea,47.75448,7.50448,364101,40.3164419
2017,11,19,1700,3.8102455,Basilea,47.75449,7.50449,364102,38.8584419
2017,11,19,1800,3.2202454,Basilea,47.75450,7.50450,364103,37.79644172
2017,11,19,1900,2.8002453,Basilea,47.75451,7.50451,364104,37.04044154
2017,11,19,2000,2.7902455,Basilea,47.75452,7.50452,364105,37.022441900000004
2017,11,19,2100,3.1402454,Basilea,47.75453,7.50453,364106,37.65244172
2017,11,19,2200,1.3802454,Basilea,47.75454,7.50454,364107,34.48444172
2017,11,19,2300,1.1102455,Basilea,47.75455,7.50455,364108,33.9984419
2017,11,20,0,0.6202454,Basilea,47.75456,7.50456,364109,33.11644172
2017,11,20,100,-0.04975462,Basilea,47.75457,7.50457,364110,31.910441684
2017,11,20,200,-0.52975464,Basilea,47.75458,7.50458,364111,31.046441648
2017,11,20,300,-0.4397546,Basilea,47.75459,7.50459,364112,31.20844172
2017,11,20,400,-0.41975462,Basilea,47.75460,7.50460,364113,31.244441684
2017,11,20,500,-0.5497546,Basilea,47.75461,7.50461,364114,31.01044172
2017,11,20,600,-0.5897546,Basilea,47.75462,7.50462,364115,30.93844172
2017,11,20,700,-0.029754579,Basilea,47.75463,7.50463,364116,31.9464417578
2017,11,20,800,0.8202454,Basilea,47.75464,7.50464,364117,33.47644172
2017,11,20,900,1.9902455,Basilea,47.75465,7.50465,364118,35.5824419
2017,11,20,1000,3.3902454,Basilea,47.75466,7.50466,364119,38.10244172
2017,11,20,1100,4.3302455,Basilea,47.75467,7.50467,364120,39.7944419
2017,11,20,1200,4.9702454,Basilea,47.75468,7.50468,364121,40.946441719999996
2017,11,20,1300,5.6202455,Basilea,47.75469,7.50469,364122,42.1164419
2017,11,20,1400,5.9102454,Basilea,47.75470,7.50470,364123,42.63844172
2017,11,20,1500,5.750245,Basilea,47.75471,7.50471,364124,42.350441000000004
2017,11,20,1600,5.130245,Basilea,47.75472,7.50472,364125,41.234441000000004
2017,11,20,1700,5.0702453,Basilea,47.75473,7.50473,364126,41.12644154
2017,11,20,1800,5.020245,Basilea,47.75474,7.50474,364127,41.036440999999996
2017,11,20,1900,4.630245,Basilea,47.75475,7.50475,364128,40.334441
2017,11,20,2000,4.5502453,Basilea,47.75476,7.50476,364129,40.19044154
2017,11,20,2100,4.860245,Basilea,47.75477,7.50477,364130,40.748441
2017,11,20,2200,5.8002453,Basilea,47.75478,7.50478,364131,42.44044154
2017,11,20,2300,5.8702455,Basilea,47.75479,7.50479,364132,42.5664419
2017,11,21,0,5.9102454,Basilea,47.75480,7.50480,364133,42.63844172
2017,11,21,100,5.7002454,Basilea,47.75481,7.50481,364134,42.26044172
2017,11,21,200,6.170245,Basilea,47.75482,7.50482,364135,43.106441000000004
2017,11,21,300,6.5502453,Basilea,47.75483,7.50483,364136,43.79044154
2017,11,21,400,6.230245,Basilea,47.75484,7.50484,364137,43.214441
2017,11,21,500,5.860245,Basilea,47.75485,7.50485,364138,42.548441
2017,11,21,600,5.900245,Basilea,47.75486,7.50486,364139,42.620441
2017,11,21,700,6.0502453,Basilea,47.75487,7.50487,364140,42.89044154
2017,11,21,800,6.3202453,Basilea,47.75488,7.50488,364141,43.37644154
2017,11,21,900,7.2002454,Basilea,47.75489,7.50489,364142,44.96044172
2017,11,21,1000,8.390245,Basilea,47.75490,7.50490,364143,47.102441
2017,11,21,1100,9.600245,Basilea,47.75491,7.50491,364144,49.280440999999996
2017,11,21,1200,10.920245,Basilea,47.75492,7.50492,364145,51.656441
2017,11,21,1300,11.840245,Basilea,47.75493,7.50493,364146,53.312441
2017,11,21,1400,12.180245,Basilea,47.75494,7.50494,364147,53.924441
2017,11,21,1500,11.010245,Basilea,47.75495,7.50495,364148,51.818441
2017,11,21,1600,8.820246,Basilea,47.75496,7.50496,364149,47.8764428
2017,11,21,1700,7.8102455,Basilea,47.75497,7.50497,364150,46.0584419
2017,11,21,1800,7.250245,Basilea,47.75498,7.50498,364151,45.050441
2017,11,21,1900,6.4902453,Basilea,47.75499,7.50499,364152,43.68244154
2017,11,21,2000,5.5702453,Basilea,47.75500,7.50500,364153,42.02644154
2017,11,21,2100,5.0702453,Basilea,47.75501,7.50501,364154,41.12644154
2017,11,21,2200,5.0302453,Basilea,47.75502,7.50502,364155,41.05444154
2017,11,21,2300,4.7002454,Basilea,47.75503,7.50503,364156,40.46044172
2017,11,22,0,4.4102454,Basilea,47.75504,7.50504,364157,39.93844172
2017,11,22,100,4.4302454,Basilea,47.75505,7.50505,364158,39.97444172
2017,11,22,200,4.0002456,Basilea,47.75506,7.50506,364159,39.20044208
2017,11,22,300,3.6902456,Basilea,47.75507,7.50507,364160,38.64244208
2017,11,22,400,3.6902456,Basilea,47.75508,7.50508,364161,38.64244208
2017,11,22,500,3.3502455,Basilea,47.75509,7.50509,364162,38.0304419
2017,11,22,600,3.3102455,Basilea,47.75510,7.50510,364163,37.9584419
2017,11,22,700,3.0602455,Basilea,47.75511,7.50511,364164,37.5084419
2017,11,22,800,3.8702455,Basilea,47.75512,7.50512,364165,38.9664419
2017,11,22,900,6.8202453,Basilea,47.75513,7.50513,364166,44.27644154
2017,11,22,1000,9.3102455,Basilea,47.75514,7.50514,364167,48.7584419
2017,11,22,1100,11.830245,Basilea,47.75515,7.50515,364168,53.294441
2017,11,22,1200,13.550245,Basilea,47.75516,7.50516,364169,56.390441
2017,11,22,1300,14.520246,Basilea,47.75517,7.50517,364170,58.1364428
2017,11,22,1400,14.610246,Basilea,47.75518,7.50518,364171,58.2984428
2017,11,22,1500,12.040245,Basilea,47.75519,7.50519,364172,53.672441
2017,11,22,1600,7.520245,Basilea,47.75520,7.50520,364173,45.536440999999996
2017,11,22,1700,6.610245,Basilea,47.75521,7.50521,364174,43.898441
2017,11,22,1800,5.940245,Basilea,47.75522,7.50522,364175,42.692441
2017,11,22,1900,5.1202455,Basilea,47.75523,7.50523,364176,41.2164419
2017,11,22,2000,4.6202455,Basilea,47.75524,7.50524,364177,40.3164419
2017,11,22,2100,3.9002452,Basilea,47.75525,7.50525,364178,39.02044136
2017,11,22,2200,3.9002452,Basilea,47.75526,7.50526,364179,39.02044136
2017,11,22,2300,3.4902453,Basilea,47.75527,7.50527,364180,38.28244154
2017,11,23,0,3.4202452,Basilea,47.75528,7.50528,364181,38.15644136
2017,11,23,100,3.0802455,Basilea,47.75529,7.50529,364182,37.5444419
2017,11,23,200,3.5002456,Basilea,47.75530,7.50530,364183,38.300442079999996
2017,11,23,300,3.8602452,Basilea,47.75531,7.50531,364184,38.94844136
2017,11,23,400,3.9402456,Basilea,47.75532,7.50532,364185,39.09244208
2017,11,23,500,4.1902456,Basilea,47.75533,7.50533,364186,39.54244208
2017,11,23,600,4.7002454,Basilea,47.75534,7.50534,364187,40.46044172
2017,11,23,700,4.7802453,Basilea,47.75535,7.50535,364188,40.604441539999996
2017,11,23,800,6.130245,Basilea,47.75536,7.50536,364189,43.034441
2017,11,23,900,9.150246,Basilea,47.75537,7.50537,364190,48.4704428
2017,11,23,1000,11.110246,Basilea,47.75538,7.50538,364191,51.9984428
2017,11,23,1100,13.230246,Basilea,47.75539,7.50539,364192,55.814442799999995
2017,11,23,1200,14.720245,Basilea,47.75540,7.50540,364193,58.496441
2017,11,23,1300,15.410245,Basilea,47.75541,7.50541,364194,59.738441
2017,11,23,1400,15.510245,Basilea,47.75542,7.50542,364195,59.918441
2017,11,23,1500,15.120245,Basilea,47.75543,7.50543,364196,59.216441
2017,11,23,1600,13.3102455,Basilea,47.75544,7.50544,364197,55.958441900000004
2017,11,23,1700,12.620245,Basilea,47.75545,7.50545,364198,54.716441
2017,11,23,1800,11.760245,Basilea,47.75546,7.50546,364199,53.168441
2017,11,23,1900,11.040245,Basilea,47.75547,7.50547,364200,51.872441
2017,11,23,2000,10.480246,Basilea,47.75548,7.50548,364201,50.8644428
2017,11,23,2100,9.590245,Basilea,47.75549,7.50549,364202,49.262440999999995
2017,11,23,2200,9.580245,Basilea,47.75550,7.50550,364203,49.244441
2017,11,23,2300,9.880245,Basilea,47.75551,7.50551,364204,49.784441
2017,11,24,0,10.030245,Basilea,47.75552,7.50552,364205,50.054441000000004
2017,11,24,100,10.020246,Basilea,47.75553,7.50553,364206,50.0364428
2017,11,24,200,9.320246,Basilea,47.75554,7.50554,364207,48.7764428
2017,11,24,300,8.720245,Basilea,47.75555,7.50555,364208,47.696441
2017,11,24,400,8.400246,Basilea,47.75556,7.50556,364209,47.1204428
2017,11,24,500,7.9502454,Basilea,47.75557,7.50557,364210,46.31044172
2017,11,24,600,7.6202455,Basilea,47.75558,7.50558,364211,45.7164419
2017,11,24,700,7.8402452,Basilea,47.75559,7.50559,364212,46.11244136
2017,11,24,800,8.780245,Basilea,47.75560,7.50560,364213,47.804441000000004
2017,11,24,900,11.150246,Basilea,47.75561,7.50561,364214,52.070442799999995
2017,11,24,1000,12.940246,Basilea,47.75562,7.50562,364215,55.2924428
2017,11,24,1100,14.670245,Basilea,47.75563,7.50563,364216,58.406441
2017,11,24,1200,15.490245,Basilea,47.75564,7.50564,364217,59.882441
2017,11,24,1300,14.990245,Basilea,47.75565,7.50565,364218,58.982441
2017,11,24,1400,14.050245,Basilea,47.75566,7.50566,364219,57.290441
2017,11,24,1500,13.860246,Basilea,47.75567,7.50567,364220,56.9484428
2017,11,24,1600,13.070246,Basilea,47.75568,7.50568,364221,55.5264428
2017,11,24,1700,13.300245,Basilea,47.75569,7.50569,364222,55.940441
2017,11,24,1800,12.020246,Basilea,47.75570,7.50570,364223,53.6364428
2017,11,24,1900,11.960245,Basilea,47.75571,7.50571,364224,53.528441
2017,11,24,2000,12.090245,Basilea,47.75572,7.50572,364225,53.762440999999995
2017,11,24,2100,11.690246,Basilea,47.75573,7.50573,364226,53.0424428
2017,11,24,2200,11.100245,Basilea,47.75574,7.50574,364227,51.980441
2017,11,24,2300,10.790245,Basilea,47.75575,7.50575,364228,51.422441
2017,11,25,0,10.680245,Basilea,47.75576,7.50576,364229,51.224441
2017,11,25,100,10.390245,Basilea,47.75577,7.50577,364230,50.702441
2017,11,25,200,10.280245,Basilea,47.75578,7.50578,364231,50.504441
2017,11,25,300,10.210245,Basilea,47.75579,7.50579,364232,50.378441
2017,11,25,400,10.130245,Basilea,47.75580,7.50580,364233,50.234441000000004
2017,11,25,500,9.340245,Basilea,47.75581,7.50581,364234,48.812441
2017,11,25,600,9.150246,Basilea,47.75582,7.50582,364235,48.4704428
2017,11,25,700,8.550245,Basilea,47.75583,7.50583,364236,47.390441
2017,11,25,800,7.130245,Basilea,47.75584,7.50584,364237,44.834441
2017,11,25,900,6.3702455,Basilea,47.75585,7.50585,364238,43.4664419
2017,11,25,1000,6.5302453,Basilea,47.75586,7.50586,364239,43.75444154
2017,11,25,1100,6.650245,Basilea,47.75587,7.50587,364240,43.970441
2017,11,25,1200,6.9502454,Basilea,47.75588,7.50588,364241,44.51044172
2017,11,25,1300,6.9102454,Basilea,47.75589,7.50589,364242,44.43844172
2017,11,25,1400,7.0802455,Basilea,47.75590,7.50590,364243,44.7444419
2017,11,25,1500,7.0802455,Basilea,47.75591,7.50591,364244,44.7444419
2017,11,25,1600,6.400245,Basilea,47.75592,7.50592,364245,43.520441
2017,11,25,1700,5.9302454,Basilea,47.75593,7.50593,364246,42.67444172
2017,11,25,1800,5.540245,Basilea,47.75594,7.50594,364247,41.972441
2017,11,25,1900,5.3202453,Basilea,47.75595,7.50595,364248,41.57644154
2017,11,25,2000,4.4802456,Basilea,47.75596,7.50596,364249,40.06444208
2017,11,25,2100,4.0102453,Basilea,47.75597,7.50597,364250,39.21844154
2017,11,25,2200,3.6702452,Basilea,47.75598,7.50598,364251,38.60644136
2017,11,25,2300,3.3102455,Basilea,47.75599,7.50599,364252,37.9584419
2017,11,26,0,3.2902455,Basilea,47.75600,7.50600,364253,37.9224419
2017,11,26,100,2.7502456,Basilea,47.75601,7.50601,364254,36.95044208
2017,11,26,200,2.9202452,Basilea,47.75602,7.50602,364255,37.25644136
2017,11,26,300,2.7302456,Basilea,47.75603,7.50603,364256,36.91444208
2017,11,26,400,2.5102453,Basilea,47.75604,7.50604,364257,36.51844154
2017,11,26,500,2.6402454,Basilea,47.75605,7.50605,364258,36.75244172
2017,11,26,600,2.5102453,Basilea,47.75606,7.50606,364259,36.51844154
2017,11,26,700,2.7402453,Basilea,47.75607,7.50607,364260,36.93244154
2017,11,26,800,2.7602453,Basilea,47.75608,7.50608,364261,36.96844154
2017,11,26,900,3.0602455,Basilea,47.75609,7.50609,364262,37.5084419
2017,11,26,1000,3.4802456,Basilea,47.75610,7.50610,364263,38.26444208
2017,11,26,1100,3.8002453,Basilea,47.75611,7.50611,364264,38.84044154
2017,11,26,1200,4.1402454,Basilea,47.75612,7.50612,364265,39.45244172
2017,11,26,1300,4.1002455,Basilea,47.75613,7.50613,364266,39.3804419
2017,11,26,1400,3.8602452,Basilea,47.75614,7.50614,364267,38.94844136
2017,11,26,1500,3.5702453,Basilea,47.75615,7.50615,364268,38.42644154
2017,11,26,1600,3.3502455,Basilea,47.75616,7.50616,364269,38.0304419
2017,11,26,1700,3.1802454,Basilea,47.75617,7.50617,364270,37.72444172
2017,11,26,1800,2.9002452,Basilea,47.75618,7.50618,364271,37.22044136
2017,11,26,1900,2.8302455,Basilea,47.75619,7.50619,364272,37.0944419
2017,11,26,2000,2.6402454,Basilea,47.75620,7.50620,364273,36.75244172
2017,11,26,2100,2.4702454,Basilea,47.75621,7.50621,364274,36.44644172
2017,11,26,2200,2.5502453,Basilea,47.75622,7.50622,364275,36.59044154
2017,11,26,2300,2.6102452,Basilea,47.75623,7.50623,364276,36.698441360000004
2017,11,27,0,2.7502456,Basilea,47.75624,7.50624,364277,36.95044208
2017,11,27,100,2.5402455,Basilea,47.75625,7.50625,364278,36.5724419
2017,11,27,200,2.7802453,Basilea,47.75626,7.50626,364279,37.00444154
2017,11,27,300,2.9802456,Basilea,47.75627,7.50627,364280,37.36444208
2017,11,27,400,3.0702453,Basilea,47.75628,7.50628,364281,37.52644154
2017,11,27,500,2.8902454,Basilea,47.75629,7.50629,364282,37.20244172
2017,11,27,600,2.9902453,Basilea,47.75630,7.50630,364283,37.38244154
2017,11,27,700,3.0602455,Basilea,47.75631,7.50631,364284,37.5084419
2017,11,27,800,3.4202452,Basilea,47.75632,7.50632,364285,38.15644136
2017,11,27,900,4.2402453,Basilea,47.75633,7.50633,364286,39.63244154
2017,11,27,1000,5.130245,Basilea,47.75634,7.50634,364287,41.234441000000004
2017,11,27,1100,5.8402452,Basilea,47.75635,7.50635,364288,42.51244136
2017,11,27,1200,6.5702453,Basilea,47.75636,7.50636,364289,43.82644154
2017,11,27,1300,6.900245,Basilea,47.75637,7.50637,364290,44.420441
2017,11,27,1400,6.750245,Basilea,47.75638,7.50638,364291,44.150441
2017,11,27,1500,6.480245,Basilea,47.75639,7.50639,364292,43.664441
2017,11,27,1600,6.170245,Basilea,47.75640,7.50640,364293,43.106441000000004
2017,11,27,1700,6.040245,Basilea,47.75641,7.50641,364294,42.872440999999995
2017,11,27,1800,6.000245,Basilea,47.75642,7.50642,364295,42.800441
2017,11,27,1900,5.9702454,Basilea,47.75643,7.50643,364296,42.74644172
2017,11,27,2000,5.900245,Basilea,47.75644,7.50644,364297,42.620441
2017,11,27,2100,5.8302455,Basilea,47.75645,7.50645,364298,42.4944419
2017,11,27,2200,5.880245,Basilea,47.75646,7.50646,364299,42.584441
2017,11,27,2300,5.960245,Basilea,47.75647,7.50647,364300,42.728441000000004
2017,11,28,0,5.7802453,Basilea,47.75648,7.50648,364301,42.40444154
2017,11,28,100,5.710245,Basilea,47.75649,7.50649,364302,42.278441
2017,11,28,200,5.6402454,Basilea,47.75650,7.50650,364303,42.15244172
2017,11,28,300,5.650245,Basilea,47.75651,7.50651,364304,42.170441
2017,11,28,400,5.6202455,Basilea,47.75652,7.50652,364305,42.1164419
2017,11,28,500,5.6002455,Basilea,47.75653,7.50653,364306,42.0804419
2017,11,28,600,5.6202455,Basilea,47.75654,7.50654,364307,42.1164419
2017,11,28,700,5.6202455,Basilea,47.75655,7.50655,364308,42.1164419
2017,11,28,800,5.440245,Basilea,47.75656,7.50656,364309,41.792441
2017,11,28,900,5.0102453,Basilea,47.75657,7.50657,364310,41.01844154
2017,11,28,1000,5.020245,Basilea,47.75658,7.50658,364311,41.036440999999996
2017,11,28,1100,4.8902454,Basilea,47.75659,7.50659,364312,40.802441720000004
2017,11,28,1200,4.8902454,Basilea,47.75660,7.50660,364313,40.802441720000004
2017,11,28,1300,4.9102454,Basilea,47.75661,7.50661,364314,40.83844172
2017,11,28,1400,4.8702455,Basilea,47.75662,7.50662,364315,40.766441900000004
2017,11,28,1500,4.750245,Basilea,47.75663,7.50663,364316,40.550441
2017,11,28,1600,4.5602455,Basilea,47.75664,7.50664,364317,40.2084419
2017,11,28,1700,4.2802453,Basilea,47.75665,7.50665,364318,39.70444154
2017,11,28,1800,4.0102453,Basilea,47.75666,7.50666,364319,39.21844154
2017,11,28,1900,3.8802452,Basilea,47.75667,7.50667,364320,38.98444136
2017,11,28,2000,3.7202454,Basilea,47.75668,7.50668,364321,38.69644172
2017,11,28,2100,3.6702452,Basilea,47.75669,7.50669,364322,38.60644136
2017,11,28,2200,3.3202453,Basilea,47.75670,7.50670,364323,37.976441539999996
2017,11,28,2300,3.3802452,Basilea,47.75671,7.50671,364324,38.08444136
2017,11,29,0,3.2002454,Basilea,47.75672,7.50672,364325,37.76044172
2017,11,29,100,3.1002455,Basilea,47.75673,7.50673,364326,37.5804419
2017,11,29,200,3.0002456,Basilea,47.75674,7.50674,364327,37.40044208
2017,11,29,300,2.7602453,Basilea,47.75675,7.50675,364328,36.96844154
2017,11,29,400,2.9102454,Basilea,47.75676,7.50676,364329,37.23844172
2017,11,29,500,3.0102453,Basilea,47.75677,7.50677,364330,37.41844154
2017,11,29,600,3.3102455,Basilea,47.75678,7.50678,364331,37.9584419
2017,11,29,700,3.4002452,Basilea,47.75679,7.50679,364332,38.12044136
2017,11,29,800,3.4702454,Basilea,47.75680,7.50680,364333,38.24644172
2017,11,29,900,3.4802456,Basilea,47.75681,7.50681,364334,38.26444208
2017,11,29,1000,4.2402453,Basilea,47.75682,7.50682,364335,39.63244154
2017,11,29,1100,4.6802454,Basilea,47.75683,7.50683,364336,40.42444172
2017,11,29,1200,5.130245,Basilea,47.75684,7.50684,364337,41.234441000000004
2017,11,29,1300,5.2002454,Basilea,47.75685,7.50685,364338,41.36044172
2017,11,29,1400,4.630245,Basilea,47.75686,7.50686,364339,40.334441
2017,11,29,1500,4.1002455,Basilea,47.75687,7.50687,364340,39.3804419
2017,11,29,1600,3.3502455,Basilea,47.75688,7.50688,364341,38.0304419
2017,11,29,1700,2.8602452,Basilea,47.75689,7.50689,364342,37.14844136
2017,11,29,1800,2.3302455,Basilea,47.75690,7.50690,364343,36.1944419
2017,11,29,1900,1.8002454,Basilea,47.75691,7.50691,364344,35.24044172
2017,11,29,2000,1.4702454,Basilea,47.75692,7.50692,364345,34.64644172
2017,11,29,2100,1.1602454,Basilea,47.75693,7.50693,364346,34.08844172
2017,11,29,2200,0.6602454,Basilea,47.75694,7.50694,364347,33.18844172
2017,11,29,2300,0.7302454,Basilea,47.75695,7.50695,364348,33.31444172
2017,11,30,0,1.1802454,Basilea,47.75696,7.50696,364349,34.12444172
2017,11,30,100,1.5902454,Basilea,47.75697,7.50697,364350,34.86244172
2017,11,30,200,1.9802454,Basilea,47.75698,7.50698,364351,35.56444172
2017,11,30,300,2.2602453,Basilea,47.75699,7.50699,364352,36.06844154
2017,11,30,400,2.1102452,Basilea,47.75700,7.50700,364353,35.79844136
2017,11,30,500,2.1502454,Basilea,47.75701,7.50701,364354,35.87044172
2017,11,30,600,2.1602454,Basilea,47.75702,7.50702,364355,35.88844172
2017,11,30,700,2.0702453,Basilea,47.75703,7.50703,364356,35.726441539999996
2017,11,30,800,2.2202454,Basilea,47.75704,7.50704,364357,35.99644172
2017,11,30,900,2.4002454,Basilea,47.75705,7.50705,364358,36.32044172
2017,11,30,1000,2.7802453,Basilea,47.75706,7.50706,364359,37.00444154
2017,11,30,1100,3.2102456,Basilea,47.75707,7.50707,364360,37.77844208
2017,11,30,1200,3.3802452,Basilea,47.75708,7.50708,364361,38.08444136
2017,11,30,1300,3.5102453,Basilea,47.75709,7.50709,364362,38.31844154
2017,11,30,1400,3.5102453,Basilea,47.75710,7.50710,364363,38.31844154
2017,11,30,1500,2.9602456,Basilea,47.75711,7.50711,364364,37.32844208
2017,11,30,1600,2.3702455,Basilea,47.75712,7.50712,364365,36.2664419
2017,11,30,1700,1.6602454,Basilea,47.75713,7.50713,364366,34.98844172
2017,11,30,1800,1.7102454,Basilea,47.75714,7.50714,364367,35.07844172
2017,11,30,1900,1.4802454,Basilea,47.75715,7.50715,364368,34.66444172
2017,11,30,2000,1.4702454,Basilea,47.75716,7.50716,364369,34.64644172
2017,11,30,2100,1.5002453,Basilea,47.75717,7.50717,364370,34.70044154
2017,11,30,2200,1.4802454,Basilea,47.75718,7.50718,364371,34.66444172
2017,11,30,2300,1.1902454,Basilea,47.75719,7.50719,364372,34.14244172
